ID,Item_Outlet_Sales
FDW58OUT049,1000
FDW14OUT017,1000
NCN55OUT010,1000
FDQ58OUT017,1000
FDY38OUT027,1000
FDH56OUT046,1000
FDL48OUT018,1000
FDC48OUT027,1000
FDN33OUT045,1000
FDA36OUT017,1000
FDT44OUT017,1000
FDQ56OUT045,1000
NCC54OUT019,1000
FDU11OUT049,1000
DRL59OUT013,1000
FDM24OUT049,1000
FDI57OUT045,1000
DRC12OUT018,1000
NCM42OUT027,1000
FDA46OUT010,1000
FDA31OUT013,1000
NCJ31OUT035,1000
FDG52OUT046,1000
NCL19OUT019,1000
FDS10OUT035,1000
FDX22OUT010,1000
NCF19OUT035,1000
NCE06OUT046,1000
DRC27OUT046,1000
FDE21OUT035,1000
NCR42OUT019,1000
FDX51OUT018,1000
NCR06OUT018,1000
FDU31OUT027,1000
FDU59OUT017,1000
FDR03OUT027,1000
FDS49OUT027,1000
FDD48OUT010,1000
NCF18OUT017,1000
NCD43OUT027,1000
NCD54OUT018,1000
FDY19OUT010,1000
NCY54OUT017,1000
NCL19OUT018,1000
FDP23OUT010,1000
FDC26OUT013,1000
FDR14OUT010,1000
NCS41OUT035,1000
FDF41OUT035,1000
FDU34OUT046,1000
DRH11OUT046,1000
FDM03OUT013,1000
FDS31OUT017,1000
FDJ20OUT017,1000
FDV44OUT027,1000
FDG02OUT049,1000
FDA09OUT013,1000
FDT04OUT013,1000
FDL58OUT019,1000
FDE52OUT045,1000
FDW12OUT035,1000
FDL51OUT017,1000
NCY42OUT027,1000
FDR07OUT017,1000
FDN40OUT045,1000
FDB35OUT027,1000
FDA22OUT017,1000
NCL06OUT046,1000
FDI35OUT013,1000
NCW42OUT045,1000
NCX06OUT049,1000
FDC37OUT027,1000
FDZ14OUT018,1000
DRG49OUT049,1000
NCG06OUT045,1000
DRC36OUT045,1000
FDV21OUT019,1000
FDB53OUT046,1000
DRP47OUT019,1000
FDA14OUT013,1000
DRC24OUT035,1000
FDW21OUT018,1000
NCH29OUT046,1000
FDU58OUT013,1000
FDY27OUT017,1000
FDV56OUT035,1000
FDT59OUT046,1000
FDB23OUT046,1000
FDR49OUT045,1000
FDB03OUT010,1000
FDN39OUT045,1000
FDX02OUT027,1000
FDQ16OUT027,1000
FDU35OUT018,1000
NCT29OUT013,1000
FDZ27OUT046,1000
FDN57OUT017,1000
FDA03OUT018,1000
FDZ36OUT045,1000
NCU05OUT013,1000
FDT39OUT018,1000
FDK60OUT017,1000
FDZ25OUT017,1000
FDG12OUT046,1000
DRB01OUT019,1000
NCC43OUT027,1000
FDX13OUT019,1000
FDM22OUT049,1000
FDJ03OUT027,1000
FDU14OUT018,1000
FDB33OUT010,1000
FDP27OUT046,1000
FDO38OUT010,1000
FDE28OUT027,1000
FDO27OUT035,1000
DRL23OUT027,1000
FDS28OUT046,1000
FDX24OUT013,1000
FDZ02OUT035,1000
FDL46OUT045,1000
FDS60OUT027,1000
NCO06OUT017,1000
FDO16OUT035,1000
FDC60OUT049,1000
FDA48OUT018,1000
FDZ36OUT027,1000
FDK27OUT045,1000
FDW23OUT018,1000
FDM14OUT018,1000
FDM14OUT013,1000
FDW60OUT018,1000
FDE21OUT013,1000
NCM42OUT035,1000
FDY59OUT010,1000
DRI49OUT049,1000
FDT28OUT019,1000
FDQ22OUT018,1000
FDR60OUT049,1000
FDC50OUT019,1000
FDV24OUT013,1000
DRF48OUT010,1000
FDQ47OUT046,1000
DRN36OUT049,1000
NCY06OUT035,1000
FDE52OUT035,1000
NCB54OUT045,1000
NCF31OUT035,1000
FDJ08OUT027,1000
NCC07OUT017,1000
NCD19OUT027,1000
FDL46OUT049,1000
FDM20OUT045,1000
NCI06OUT010,1000
DRM11OUT035,1000
NCH07OUT018,1000
FDS23OUT013,1000
FDO49OUT018,1000
FDS35OUT049,1000
DRK39OUT045,1000
DRI39OUT049,1000
FDV04OUT017,1000
NCN14OUT035,1000
FDH08OUT013,1000
FDS20OUT046,1000
FDV40OUT049,1000
FDZ48OUT010,1000
FDS24OUT027,1000
FDK44OUT049,1000
FDS48OUT045,1000
FDK26OUT010,1000
FDD23OUT045,1000
NCH54OUT017,1000
NCP14OUT010,1000
FDM60OUT010,1000
FDV24OUT017,1000
FDH08OUT018,1000
FDS12OUT027,1000
FDR39OUT027,1000
FDP12OUT027,1000
DRF60OUT027,1000
FDC09OUT035,1000
FDF50OUT018,1000
FDG28OUT035,1000
NCE19OUT017,1000
NCM53OUT010,1000
NCN18OUT049,1000
FDF32OUT035,1000
FDF11OUT013,1000
DRI59OUT049,1000
NCG54OUT035,1000
FDM44OUT046,1000
FDT57OUT018,1000
FDV24OUT046,1000
FDI50OUT019,1000
FDS09OUT035,1000
NCC31OUT027,1000
FDQ07OUT019,1000
FDC22OUT017,1000
FDZ56OUT046,1000
FDZ40OUT019,1000
FDS46OUT027,1000
DRD24OUT045,1000
FDV45OUT017,1000
FDL26OUT045,1000
FDA56OUT018,1000
FDN27OUT046,1000
FDM20OUT049,1000
FDO16OUT017,1000
FDL03OUT035,1000
FDE58OUT046,1000
FDI02OUT027,1000
NCC55OUT019,1000
FDR03OUT018,1000
FDB14OUT017,1000
FDR45OUT013,1000
NCN07OUT017,1000
FDM51OUT019,1000
FDT52OUT027,1000
FDL26OUT046,1000
NCZ42OUT046,1000
DRI47OUT019,1000
FDW40OUT013,1000
FDN34OUT046,1000
FDS01OUT035,1000
NCG55OUT045,1000
FDC11OUT035,1000
FDX35OUT018,1000
NCB06OUT046,1000
FDR09OUT019,1000
FDC53OUT017,1000
FDY45OUT013,1000
FDA22OUT010,1000
FDE02OUT035,1000
FDW21OUT045,1000
FDV34OUT046,1000
FDS59OUT049,1000
NCW17OUT017,1000
NCK54OUT046,1000
FDG17OUT019,1000
FDG35OUT017,1000
FDD08OUT010,1000
NCO07OUT017,1000
FDJ10OUT010,1000
FDW36OUT017,1000
FDW21OUT010,1000
FDY19OUT017,1000
DRE03OUT013,1000
NCC55OUT049,1000
FDH52OUT010,1000
FDO09OUT017,1000
FDU43OUT045,1000
FDX09OUT010,1000
FDH40OUT019,1000
FDW58OUT017,1000
FDC47OUT017,1000
NCR41OUT035,1000
DRG49OUT035,1000
FDC52OUT027,1000
FDY13OUT046,1000
FDY35OUT013,1000
FDI35OUT017,1000
NCU18OUT049,1000
FDY33OUT018,1000
FDC15OUT027,1000
FDU01OUT049,1000
NCU42OUT046,1000
NCV29OUT018,1000
NCY30OUT017,1000
FDQ46OUT049,1000
FDG58OUT027,1000
FDK33OUT017,1000
NCD07OUT045,1000
NCX29OUT027,1000
NCT42OUT013,1000
DRN59OUT035,1000
FDI44OUT035,1000
FDA45OUT049,1000
FDP31OUT045,1000
FDY01OUT046,1000
FDT09OUT018,1000
DRH03OUT027,1000
FDA36OUT018,1000
NCF31OUT017,1000
FDG14OUT049,1000
FDG28OUT027,1000
FDU14OUT049,1000
FDY47OUT019,1000
FDI56OUT049,1000
DRD01OUT013,1000
FDM22OUT046,1000
FDH33OUT013,1000
DRZ24OUT013,1000
NCQ38OUT046,1000
FDO16OUT027,1000
FDU07OUT027,1000
NCB07OUT013,1000
FDU48OUT045,1000
NCM43OUT045,1000
FDR31OUT010,1000
DRK49OUT018,1000
NCI30OUT010,1000
DRD60OUT017,1000
NCG19OUT046,1000
FDH12OUT035,1000
FDM32OUT035,1000
FDM27OUT035,1000
NCU53OUT027,1000
NCQ18OUT046,1000
FDS10OUT013,1000
FDB33OUT027,1000
FDI12OUT013,1000
NCW42OUT013,1000
NCC06OUT018,1000
FDW02OUT017,1000
NCD43OUT017,1000
FDM57OUT018,1000
FDA58OUT017,1000
FDK56OUT046,1000
FDP52OUT045,1000
FDW20OUT018,1000
FDS52OUT049,1000
NCT29OUT018,1000
NCL54OUT013,1000
FDC05OUT045,1000
FDF34OUT035,1000
FDP03OUT027,1000
FDD32OUT010,1000
FDZ10OUT045,1000
FDZ40OUT035,1000
FDD51OUT018,1000
NCY30OUT019,1000
FDP58OUT017,1000
FDV49OUT017,1000
FDY24OUT019,1000
NCO55OUT017,1000
FDR13OUT017,1000
FDS51OUT017,1000
FDP26OUT045,1000
NCB54OUT027,1000
FDF32OUT017,1000
FDN31OUT018,1000
DRM48OUT017,1000
FDN20OUT049,1000
DRL01OUT046,1000
FDV56OUT049,1000
DRH13OUT027,1000
FDA03OUT017,1000
FDF47OUT027,1000
FDX32OUT046,1000
FDX57OUT049,1000
NCA30OUT045,1000
FDO49OUT013,1000
FDL04OUT019,1000
DRM48OUT035,1000
FDR16OUT013,1000
NCC19OUT018,1000
NCE42OUT045,1000
FDY24OUT017,1000
FDH19OUT049,1000
FDJ46OUT013,1000
FDN45OUT010,1000
FDY08OUT035,1000
FDZ37OUT035,1000
NCT30OUT045,1000
DRY23OUT018,1000
NCZ30OUT018,1000
FDC44OUT018,1000
FDB45OUT035,1000
FDY04OUT013,1000
FDM27OUT046,1000
FDZ43OUT017,1000
FDT39OUT019,1000
NCC06OUT019,1000
FDL15OUT027,1000
FDL57OUT017,1000
FDU08OUT046,1000
FDK40OUT017,1000
FDQ12OUT010,1000
FDS48OUT017,1000
FDP09OUT045,1000
FDW21OUT049,1000
FDY25OUT035,1000
DRE13OUT017,1000
FDV43OUT019,1000
FDD22OUT045,1000
FDM46OUT019,1000
NCO30OUT010,1000
FDM25OUT046,1000
NCN41OUT049,1000
FDU24OUT045,1000
FDZ50OUT046,1000
FDP45OUT013,1000
NCM54OUT045,1000
FDW10OUT019,1000
FDP20OUT017,1000
FDK32OUT046,1000
FDN52OUT049,1000
FDM58OUT045,1000
FDZ46OUT027,1000
NCA18OUT018,1000
FDD35OUT046,1000
NCK31OUT035,1000
FDI40OUT027,1000
FDT50OUT019,1000
NCT06OUT046,1000
FDT31OUT035,1000
FDT45OUT049,1000
FDT13OUT045,1000
FDO50OUT045,1000
NCU18OUT010,1000
NCR54OUT049,1000
NCO18OUT018,1000
FDU09OUT045,1000
FDT13OUT018,1000
FDE09OUT046,1000
NCK53OUT019,1000
FDG45OUT049,1000
DRH15OUT035,1000
FDO21OUT019,1000
FDD14OUT027,1000
FDC09OUT046,1000
FDH45OUT027,1000
FDV32OUT046,1000
FDG12OUT035,1000
FDS32OUT013,1000
NCL55OUT018,1000
DRE01OUT035,1000
DRE15OUT049,1000
NCL42OUT045,1000
FDP31OUT013,1000
FDN33OUT018,1000
FDZ59OUT046,1000
FDE45OUT010,1000
FDJ07OUT013,1000
FDQ45OUT018,1000
FDM33OUT027,1000
FDO15OUT010,1000
FDM46OUT013,1000
FDR03OUT045,1000
FDY49OUT018,1000
FDQ60OUT045,1000
FDW10OUT049,1000
FDO51OUT049,1000
FDJ40OUT018,1000
FDS20OUT018,1000
FDU45OUT013,1000
FDV02OUT035,1000
FDN09OUT046,1000
NCM55OUT027,1000
FDN23OUT018,1000
FDY31OUT010,1000
FDW03OUT010,1000
FDD14OUT046,1000
FDV23OUT017,1000
DRI03OUT045,1000
FDN13OUT035,1000
FDF45OUT027,1000
FDU46OUT035,1000
FDB57OUT049,1000
FDV12OUT049,1000
FDQ58OUT013,1000
NCA18OUT017,1000
FDH52OUT049,1000
FDM24OUT018,1000
NCP43OUT027,1000
NCO18OUT019,1000
FDM32OUT017,1000
NCL07OUT017,1000
FDK03OUT013,1000
FDP59OUT017,1000
FDQ24OUT049,1000
FDQ16OUT018,1000
FDU44OUT013,1000
FDH28OUT010,1000
FDV28OUT019,1000
FDM22OUT045,1000
FDR56OUT046,1000
FDV39OUT049,1000
FDU37OUT019,1000
FDQ11OUT010,1000
FDX02OUT045,1000
NCS42OUT018,1000
FDY57OUT027,1000
FDB21OUT049,1000
FDE28OUT017,1000
FDQ55OUT017,1000
FDA48OUT049,1000
FDZ19OUT045,1000
NCC43OUT045,1000
NCV18OUT046,1000
NCA42OUT018,1000
FDY45OUT046,1000
NCC30OUT045,1000
FDM57OUT013,1000
FDL09OUT010,1000
FDB09OUT027,1000
FDT44OUT035,1000
NCT06OUT027,1000
FDX26OUT049,1000
FDK32OUT013,1000
DRA12OUT046,1000
FDO46OUT010,1000
FDE52OUT013,1000
NCH42OUT045,1000
FDV08OUT035,1000
FDB47OUT018,1000
FDC28OUT010,1000
FDD22OUT046,1000
FDS07OUT027,1000
DRI13OUT045,1000
FDG32OUT018,1000
FDU14OUT017,1000
FDD28OUT019,1000
NCP41OUT017,1000
FDS08OUT049,1000
FDX47OUT045,1000
FDC53OUT019,1000
FDQ19OUT035,1000
FDL14OUT045,1000
FDM33OUT019,1000
FDA51OUT045,1000
FDZ27OUT018,1000
FDT04OUT046,1000
DRC13OUT049,1000
FDR16OUT027,1000
FDQ03OUT027,1000
FDE38OUT035,1000
DRH23OUT027,1000
FDT11OUT019,1000
FDD09OUT035,1000
FDR40OUT045,1000
FDX07OUT017,1000
FDR07OUT035,1000
FDA51OUT017,1000
FDT59OUT019,1000
FDF20OUT017,1000
FDR13OUT045,1000
FDY26OUT049,1000
FDW04OUT017,1000
FDK52OUT017,1000
FDN60OUT049,1000
FDM09OUT019,1000
FDP46OUT049,1000
FDB50OUT019,1000
NCQ29OUT049,1000
FDP16OUT027,1000
FDX33OUT018,1000
FDP07OUT010,1000
FDN22OUT046,1000
FDF39OUT049,1000
FDS21OUT017,1000
NCM42OUT013,1000
FDK50OUT019,1000
DRF13OUT027,1000
FDH35OUT018,1000
FDP60OUT018,1000
DRJ49OUT027,1000
NCT42OUT019,1000
FDE38OUT049,1000
FDI04OUT049,1000
NCH54OUT045,1000
FDT56OUT049,1000
DRD15OUT018,1000
FDV58OUT013,1000
FDP21OUT049,1000
FDH05OUT013,1000
FDR10OUT027,1000
NCP06OUT045,1000
FDF33OUT049,1000
DRK37OUT013,1000
DRH49OUT045,1000
FDT58OUT013,1000
FDD41OUT018,1000
FDP40OUT018,1000
FDM51OUT027,1000
FDO45OUT010,1000
FDW33OUT010,1000
FDY24OUT045,1000
FDB10OUT010,1000
FDM40OUT035,1000
NCI06OUT017,1000
FDW12OUT019,1000
FDX48OUT027,1000
NCW05OUT027,1000
FDX27OUT017,1000
DRM37OUT045,1000
FDA38OUT045,1000
FDR36OUT046,1000
FDZ45OUT046,1000
FDG05OUT017,1000
FDK28OUT013,1000
FDV47OUT045,1000
FDN21OUT045,1000
FDP20OUT027,1000
FDI35OUT045,1000
DRY23OUT013,1000
FDA56OUT017,1000
FDB09OUT013,1000
NCO26OUT027,1000
FDQ49OUT018,1000
FDI52OUT027,1000
FDZ44OUT027,1000
FDZ09OUT018,1000
FDY03OUT049,1000
NCG42OUT017,1000
DRI13OUT027,1000
FDQ32OUT013,1000
FDW16OUT035,1000
FDU27OUT046,1000
FDR28OUT010,1000
FDQ49OUT010,1000
FDS37OUT046,1000
FDW26OUT018,1000
FDX12OUT018,1000
NCP06OUT013,1000
FDW45OUT010,1000
NCN30OUT049,1000
FDN24OUT049,1000
NCL41OUT027,1000
FDR02OUT019,1000
FDD09OUT010,1000
FDS33OUT010,1000
FDU22OUT045,1000
FDI53OUT013,1000
DRH01OUT049,1000
FDX32OUT013,1000
NCP30OUT018,1000
FDB60OUT045,1000
FDB14OUT049,1000
NCP02OUT035,1000
FDJ10OUT017,1000
FDG34OUT046,1000
NCB18OUT017,1000
FDM16OUT049,1000
FDW25OUT018,1000
FDB35OUT010,1000
DRN11OUT013,1000
FDF41OUT019,1000
FDH16OUT045,1000
NCQ50OUT018,1000
DRH23OUT018,1000
DRJ37OUT013,1000
DRJ24OUT027,1000
FDY16OUT035,1000
FDQ27OUT045,1000
FDZ33OUT045,1000
FDF29OUT045,1000
FDA08OUT049,1000
FDG31OUT046,1000
FDE34OUT019,1000
NCR30OUT027,1000
FDV33OUT035,1000
DRZ24OUT018,1000
NCL54OUT035,1000
FDR12OUT049,1000
NCC54OUT046,1000
DRN59OUT013,1000
FDX50OUT019,1000
FDV31OUT027,1000
NCA29OUT027,1000
FDW60OUT049,1000
FDX08OUT017,1000
DRD49OUT013,1000
FDD33OUT046,1000
FDW35OUT013,1000
FDJ36OUT017,1000
FDV51OUT035,1000
FDW36OUT046,1000
FDH35OUT046,1000
NCS30OUT027,1000
FDN49OUT017,1000
FDL08OUT018,1000
FDI09OUT013,1000
FDP19OUT018,1000
FDU21OUT010,1000
NCP41OUT045,1000
FDY10OUT013,1000
FDP12OUT018,1000
NCN26OUT049,1000
FDK44OUT013,1000
FDC28OUT049,1000
FDJ41OUT027,1000
NCT29OUT035,1000
NCH42OUT019,1000
FDU60OUT018,1000
FDS02OUT045,1000
FDC51OUT046,1000
FDU03OUT013,1000
FDX39OUT045,1000
NCY05OUT010,1000
NCL06OUT027,1000
FDD32OUT035,1000
NCN41OUT045,1000
NCX53OUT049,1000
FDU57OUT019,1000
FDQ23OUT046,1000
FDQ52OUT045,1000
FDC14OUT045,1000
FDY09OUT035,1000
FDQ28OUT045,1000
FDV25OUT046,1000
FDJ07OUT035,1000
DRB25OUT049,1000
FDK52OUT019,1000
FDY52OUT027,1000
FDB28OUT046,1000
FDT36OUT035,1000
FDV25OUT017,1000
NCN07OUT027,1000
FDC57OUT017,1000
FDQ03OUT018,1000
FDU23OUT017,1000
NCX41OUT035,1000
NCD06OUT035,1000
FDW08OUT045,1000
NCU29OUT017,1000
NCE06OUT013,1000
FDV52OUT010,1000
FDB02OUT017,1000
NCR18OUT045,1000
FDK16OUT049,1000
NCQ29OUT010,1000
FDZ01OUT019,1000
FDW27OUT035,1000
FDD17OUT018,1000
FDW39OUT013,1000
DRH59OUT045,1000
FDS52OUT013,1000
FDU40OUT027,1000
NCF54OUT013,1000
FDH46OUT045,1000
NCP14OUT049,1000
FDH50OUT049,1000
DRF15OUT010,1000
FDV27OUT027,1000
NCJ06OUT049,1000
FDN02OUT018,1000
FDQ51OUT049,1000
FDQ07OUT017,1000
FDS45OUT049,1000
NCJ06OUT045,1000
FDD36OUT035,1000
FDY25OUT045,1000
FDU52OUT046,1000
DRK47OUT017,1000
NCL30OUT017,1000
FDN22OUT035,1000
NCF30OUT027,1000
FDK03OUT035,1000
FDT45OUT017,1000
NCC54OUT027,1000
FDP08OUT018,1000
FDU44OUT046,1000
DRG39OUT035,1000
FDU32OUT049,1000
FDY27OUT049,1000
NCP54OUT013,1000
NCZ41OUT049,1000
DRL49OUT013,1000
FDI05OUT018,1000
FDY56OUT045,1000
DRC13OUT013,1000
NCV29OUT017,1000
FDR24OUT049,1000
FDZ34OUT018,1000
FDP37OUT035,1000
FDX08OUT027,1000
FDS57OUT045,1000
NCG18OUT049,1000
FDK25OUT018,1000
FDH53OUT049,1000
DRI59OUT018,1000
FDA52OUT046,1000
FDT20OUT010,1000
FDE36OUT019,1000
FDI24OUT017,1000
FDB28OUT018,1000
FDV11OUT017,1000
FDP01OUT046,1000
FDD34OUT027,1000
FDJ50OUT027,1000
FDZ44OUT013,1000
DRO59OUT035,1000
DRB48OUT045,1000
FDR21OUT018,1000
NCE42OUT010,1000
FDO23OUT046,1000
NCE30OUT018,1000
FDQ22OUT035,1000
FDY01OUT045,1000
FDS08OUT017,1000
FDG28OUT018,1000
FDQ51OUT018,1000
FDB05OUT017,1000
FDO56OUT049,1000
FDE02OUT018,1000
FDN45OUT017,1000
FDS09OUT013,1000
NCA54OUT018,1000
FDP09OUT010,1000
FDC53OUT045,1000
NCM55OUT017,1000
FDL09OUT018,1000
FDA11OUT019,1000
FDA50OUT045,1000
FDC23OUT017,1000
FDE22OUT049,1000
FDD23OUT046,1000
NCA29OUT049,1000
FDK38OUT046,1000
DRC13OUT046,1000
NCP43OUT049,1000
FDX28OUT049,1000
FDF08OUT049,1000
FDZ33OUT046,1000
FDD10OUT049,1000
FDO58OUT017,1000
FDI50OUT017,1000
FDO58OUT045,1000
FDX08OUT013,1000
NCK17OUT010,1000
FDF39OUT035,1000
FDU45OUT010,1000
NCJ18OUT018,1000
DRC27OUT019,1000
DRC25OUT035,1000
FDU59OUT035,1000
FDU28OUT035,1000
NCP30OUT046,1000
FDB39OUT018,1000
FDE41OUT013,1000
DRH11OUT010,1000
FDA58OUT045,1000
FDU50OUT046,1000
FDM34OUT013,1000
FDM44OUT027,1000
FDR39OUT045,1000
FDM25OUT045,1000
FDQ49OUT049,1000
DRH25OUT018,1000
FDM09OUT027,1000
FDL44OUT019,1000
NCR42OUT018,1000
DRL59OUT046,1000
FDX43OUT013,1000
DRK47OUT010,1000
FDU48OUT018,1000
FDY12OUT045,1000
NCN43OUT018,1000
NCM55OUT018,1000
FDQ21OUT027,1000
FDX13OUT035,1000
NCK30OUT027,1000
FDG20OUT049,1000
DRG27OUT017,1000
FDY14OUT018,1000
FDP59OUT035,1000
FDU60OUT017,1000
NCC18OUT019,1000
DRJ39OUT017,1000
FDS07OUT049,1000
FDM08OUT027,1000
FDP51OUT045,1000
FDU16OUT035,1000
FDH12OUT013,1000
DRE48OUT010,1000
NCL42OUT027,1000
FDR21OUT045,1000
NCW29OUT035,1000
FDO11OUT013,1000
NCM31OUT049,1000
FDV35OUT019,1000
FDF58OUT017,1000
NCE43OUT049,1000
FDA02OUT035,1000
DRL37OUT010,1000
FDR24OUT018,1000
FDW59OUT049,1000
FDS22OUT049,1000
FDW24OUT017,1000
FDU24OUT035,1000
FDA21OUT027,1000
FDH58OUT027,1000
FDW36OUT018,1000
FDI45OUT027,1000
FDU01OUT018,1000
FDF35OUT027,1000
FDU43OUT019,1000
FDE24OUT019,1000
FDK50OUT049,1000
FDG31OUT045,1000
FDC60OUT045,1000
FDL36OUT013,1000
FDP21OUT013,1000
FDW16OUT045,1000
FDX02OUT017,1000
FDQ58OUT027,1000
FDT51OUT046,1000
FDD59OUT049,1000
NCM42OUT018,1000
FDA57OUT018,1000
FDZ48OUT035,1000
FDE46OUT045,1000
NCZ30OUT019,1000
FDB56OUT017,1000
FDA25OUT027,1000
FDD20OUT013,1000
FDL25OUT013,1000
NCO18OUT049,1000
FDJ45OUT017,1000
FDR12OUT035,1000
NCF19OUT010,1000
FDK25OUT046,1000
NCR17OUT046,1000
FDC52OUT046,1000
NCA54OUT017,1000
FDR45OUT010,1000
NCM19OUT049,1000
FDF39OUT027,1000
FDX23OUT049,1000
FDD58OUT027,1000
FDX28OUT013,1000
NCD31OUT013,1000
FDU57OUT018,1000
FDI27OUT046,1000
NCM42OUT046,1000
FDD32OUT027,1000
FDI34OUT013,1000
NCM29OUT049,1000
FDG46OUT018,1000
DRC01OUT010,1000
FDB15OUT027,1000
NCA17OUT027,1000
FDF10OUT046,1000
FDR26OUT027,1000
FDI02OUT049,1000
NCM54OUT010,1000
FDF14OUT013,1000
FDJ33OUT010,1000
FDM20OUT035,1000
FDC03OUT027,1000
NCX05OUT046,1000
NCM41OUT027,1000
NCU29OUT010,1000
FDQ59OUT017,1000
FDH46OUT010,1000
FDH09OUT013,1000
NCD06OUT045,1000
FDC15OUT035,1000
DRD37OUT027,1000
FDT28OUT027,1000
FDR28OUT027,1000
FDT38OUT017,1000
FDV34OUT027,1000
FDY52OUT035,1000
FDB34OUT013,1000
DRL23OUT018,1000
DRB24OUT046,1000
FDJ50OUT046,1000
FDQ49OUT035,1000
FDP20OUT035,1000
FDV19OUT027,1000
NCR54OUT045,1000
FDO09OUT010,1000
FDS57OUT018,1000
FDN10OUT049,1000
FDV23OUT049,1000
FDY28OUT049,1000
DRG51OUT013,1000
FDD45OUT019,1000
NCL18OUT027,1000
NCM29OUT013,1000
FDF17OUT027,1000
FDE22OUT017,1000
FDQ22OUT017,1000
FDS01OUT013,1000
FDW35OUT027,1000
FDJ33OUT046,1000
NCF54OUT035,1000
FDE09OUT013,1000
NCE06OUT045,1000
DRH49OUT049,1000
FDY43OUT045,1000
NCT05OUT017,1000
FDZ34OUT045,1000
FDL38OUT017,1000
FDZ31OUT017,1000
FDR14OUT035,1000
NCN54OUT049,1000
NCC42OUT027,1000
FDK08OUT017,1000
FDP59OUT013,1000
FDV22OUT035,1000
FDD33OUT035,1000
DRE60OUT027,1000
FDK52OUT046,1000
FDA02OUT017,1000
FDM56OUT049,1000
FDE57OUT035,1000
FDM32OUT045,1000
NCQ30OUT027,1000
FDQ27OUT027,1000
FDT60OUT027,1000
FDU43OUT049,1000
NCO55OUT035,1000
FDG02OUT045,1000
FDJ28OUT013,1000
FDP40OUT045,1000
FDJ38OUT045,1000
NCC54OUT017,1000
NCZ41OUT046,1000
FDK38OUT019,1000
FDU52OUT013,1000
FDC40OUT046,1000
NCR30OUT017,1000
NCN18OUT017,1000
FDB50OUT035,1000
FDG04OUT013,1000
FDR26OUT035,1000
NCT17OUT018,1000
FDX35OUT027,1000
FDS12OUT046,1000
NCZ29OUT027,1000
FDB38OUT010,1000
FDP12OUT013,1000
FDP22OUT046,1000
FDS26OUT018,1000
FDR52OUT046,1000
DRJ13OUT046,1000
FDU48OUT027,1000
FDE29OUT035,1000
NCT29OUT049,1000
DRK37OUT018,1000
FDK55OUT046,1000
FDR07OUT046,1000
FDO21OUT027,1000
FDK46OUT049,1000
FDB12OUT045,1000
FDT31OUT027,1000
FDJ33OUT045,1000
FDC26OUT027,1000
NCQ02OUT045,1000
FDP08OUT010,1000
FDB11OUT027,1000
FDV55OUT013,1000
FDW20OUT049,1000
NCJ18OUT019,1000
FDC41OUT018,1000
FDE14OUT027,1000
FDG35OUT013,1000
FDF45OUT035,1000
FDS19OUT027,1000
FDS58OUT019,1000
FDA26OUT017,1000
FDM32OUT049,1000
FDL45OUT046,1000
FDZ55OUT049,1000
FDY37OUT049,1000
FDO46OUT046,1000
FDQ60OUT046,1000
FDA19OUT018,1000
FDL15OUT046,1000
FDM10OUT018,1000
NCL05OUT017,1000
DRK49OUT010,1000
NCE18OUT027,1000
FDG40OUT049,1000
DRI59OUT045,1000
FDK28OUT035,1000
NCD06OUT019,1000
FDO11OUT019,1000
FDK27OUT046,1000
FDT43OUT027,1000
FDD38OUT018,1000
FDA16OUT049,1000
FDL14OUT027,1000
NCM17OUT049,1000
FDD20OUT045,1000
FDA40OUT045,1000
FDL43OUT045,1000
FDV15OUT045,1000
FDE52OUT046,1000
NCL17OUT010,1000
NCJ31OUT045,1000
FDR60OUT045,1000
NCA18OUT035,1000
FDS21OUT027,1000
FDW09OUT035,1000
FDL26OUT035,1000
FDS47OUT018,1000
FDC39OUT046,1000
FDT51OUT035,1000
FDK40OUT035,1000
NCG19OUT045,1000
FDZ07OUT046,1000
FDF08OUT027,1000
FDO04OUT013,1000
FDK41OUT018,1000
FDP15OUT049,1000
NCD43OUT018,1000
NCP18OUT013,1000
FDZ51OUT046,1000
DRH13OUT035,1000
FDF38OUT045,1000
NCI43OUT045,1000
FDM38OUT027,1000
FDS03OUT013,1000
DRJ47OUT017,1000
FDT50OUT010,1000
FDV02OUT046,1000
NCG18OUT017,1000
FDW52OUT046,1000
FDS40OUT035,1000
FDN31OUT017,1000
FDA37OUT045,1000
FDA15OUT046,1000
FDL39OUT046,1000
FDJ53OUT045,1000
FDX22OUT013,1000
NCZ42OUT045,1000
FDD56OUT027,1000
FDD40OUT017,1000
FDS50OUT013,1000
NCN14OUT013,1000
FDT15OUT013,1000
NCS18OUT027,1000
NCO26OUT010,1000
FDF58OUT018,1000
NCB19OUT013,1000
FDH26OUT017,1000
DRB24OUT027,1000
FDA49OUT018,1000
FDB32OUT045,1000
FDI36OUT017,1000
NCA17OUT010,1000
FDH22OUT013,1000
NCM26OUT018,1000
FDT15OUT027,1000
FDB16OUT018,1000
NCP54OUT027,1000
FDJ36OUT013,1000
FDO28OUT045,1000
FDU09OUT013,1000
FDF29OUT017,1000
FDY08OUT013,1000
DRJ59OUT018,1000
FDT23OUT027,1000
FDU15OUT018,1000
FDT47OUT013,1000
FDI53OUT019,1000
FDR59OUT018,1000
FDD53OUT035,1000
FDY51OUT017,1000
FDT04OUT049,1000
FDU51OUT049,1000
FDG14OUT035,1000
NCU06OUT045,1000
DRG25OUT046,1000
DRH49OUT035,1000
FDN15OUT035,1000
FDL43OUT018,1000
NCT18OUT049,1000
NCB31OUT013,1000
FDK57OUT035,1000
FDY04OUT019,1000
NCP54OUT046,1000
FDF41OUT013,1000
FDM01OUT045,1000
FDW03OUT045,1000
FDF28OUT045,1000
FDY37OUT017,1000
FDQ03OUT017,1000
FDP51OUT027,1000
FDJ40OUT017,1000
FDC32OUT049,1000
DRI49OUT027,1000
NCW54OUT017,1000
FDF09OUT017,1000
FDP45OUT018,1000
DRJ23OUT018,1000
FDS59OUT017,1000
FDY08OUT046,1000
FDX16OUT049,1000
FDY16OUT018,1000
FDK32OUT035,1000
FDQ22OUT013,1000
NCC31OUT018,1000
FDG58OUT049,1000
DRF48OUT013,1000
DRH36OUT049,1000
NCR30OUT035,1000
FDB03OUT019,1000
FDZ28OUT027,1000
FDR35OUT017,1000
DRD15OUT027,1000
FDJ33OUT019,1000
FDA56OUT010,1000
FDP56OUT046,1000
NCT30OUT046,1000
FDK15OUT017,1000
FDH44OUT018,1000
FDV01OUT013,1000
DRG03OUT017,1000
FDG50OUT027,1000
FDR16OUT010,1000
FDZ60OUT046,1000
DRG03OUT045,1000
FDS56OUT018,1000
FDU33OUT045,1000
DRD27OUT035,1000
FDW22OUT046,1000
DRA24OUT045,1000
FDF38OUT049,1000
FDX48OUT013,1000
FDS58OUT018,1000
FDC32OUT046,1000
NCQ29OUT045,1000
DRK39OUT018,1000
NCS38OUT017,1000
DRO47OUT013,1000
DRG27OUT027,1000
FDC57OUT027,1000
FDS55OUT046,1000
NCJ06OUT018,1000
FDO01OUT019,1000
NCM55OUT045,1000
FDC52OUT049,1000
FDQ15OUT045,1000
NCT30OUT027,1000
NCR42OUT027,1000
FDD28OUT035,1000
FDQ34OUT049,1000
FDZ12OUT027,1000
DRE13OUT019,1000
NCN07OUT019,1000
FDM28OUT035,1000
FDI10OUT017,1000
FDQ25OUT013,1000
FDA38OUT010,1000
DRI13OUT049,1000
FDY20OUT027,1000
NCZ53OUT035,1000
NCM31OUT013,1000
DRB01OUT017,1000
DRF37OUT046,1000
NCF42OUT049,1000
FDF16OUT018,1000
FDB41OUT013,1000
FDR34OUT013,1000
FDR15OUT018,1000
NCV42OUT019,1000
FDW51OUT035,1000
FDU36OUT017,1000
FDX60OUT049,1000
FDY03OUT035,1000
FDW55OUT045,1000
FDT01OUT010,1000
FDG58OUT013,1000
FDK21OUT017,1000
NCS41OUT019,1000
FDS10OUT045,1000
NCT53OUT046,1000
FDJ28OUT018,1000
FDX44OUT045,1000
FDT20OUT018,1000
FDO44OUT017,1000
NCX17OUT049,1000
FDY01OUT017,1000
FDJ12OUT027,1000
DRK35OUT018,1000
FDD47OUT019,1000
NCM53OUT035,1000
FDO45OUT013,1000
NCM42OUT010,1000
FDE04OUT046,1000
NCI30OUT027,1000
FDZ19OUT013,1000
FDW57OUT013,1000
FDA25OUT013,1000
FDT22OUT046,1000
FDP51OUT013,1000
FDD48OUT027,1000
FDY39OUT035,1000
FDO48OUT010,1000
FDD23OUT027,1000
DRN35OUT027,1000
FDT01OUT035,1000
FDC20OUT010,1000
DRJ35OUT035,1000
FDB32OUT046,1000
FDL24OUT046,1000
NCV42OUT035,1000
FDZ46OUT046,1000
FDC15OUT013,1000
FDD08OUT019,1000
FDY50OUT049,1000
FDD36OUT013,1000
FDG57OUT027,1000
FDL21OUT018,1000
FDN16OUT027,1000
FDJ09OUT027,1000
FDS01OUT010,1000
FDV33OUT017,1000
DRE12OUT017,1000
FDR07OUT013,1000
FDP48OUT010,1000
NCB55OUT035,1000
FDQ08OUT013,1000
FDR34OUT035,1000
FDO33OUT046,1000
FDP13OUT045,1000
FDX12OUT049,1000
NCT06OUT049,1000
FDR16OUT019,1000
FDE36OUT046,1000
FDZ36OUT049,1000
FDV13OUT045,1000
NCZ17OUT035,1000
FDU56OUT045,1000
FDM09OUT035,1000
FDV02OUT017,1000
FDS34OUT018,1000
FDA11OUT049,1000
FDP09OUT017,1000
FDB29OUT027,1000
FDT19OUT017,1000
DRH15OUT017,1000
FDY38OUT046,1000
FDF14OUT027,1000
FDN48OUT010,1000
FDQ12OUT013,1000
NCJ43OUT045,1000
FDE17OUT019,1000
FDB05OUT035,1000
FDH10OUT045,1000
NCR06OUT017,1000
FDU32OUT018,1000
FDD56OUT049,1000
FDO36OUT018,1000
FDH16OUT010,1000
FDX10OUT018,1000
FDZ37OUT017,1000
FDU31OUT010,1000
DRC49OUT049,1000
FDL15OUT045,1000
FDN32OUT019,1000
DRH59OUT027,1000
NCU29OUT049,1000
FDR37OUT019,1000
FDS14OUT018,1000
FDU02OUT027,1000
FDJ08OUT035,1000
NCZ06OUT045,1000
FDO31OUT049,1000
FDH31OUT018,1000
FDS58OUT017,1000
NCA53OUT027,1000
FDF50OUT046,1000
NCW42OUT049,1000
NCQ17OUT045,1000
FDK51OUT018,1000
NCW41OUT010,1000
NCR29OUT017,1000
FDB08OUT019,1000
FDA40OUT027,1000
FDL14OUT018,1000
FDB47OUT046,1000
FDO03OUT035,1000
DRK13OUT019,1000
FDX13OUT010,1000
FDF52OUT046,1000
FDT11OUT013,1000
FDB08OUT013,1000
FDQ28OUT018,1000
FDD29OUT045,1000
NCQ29OUT027,1000
NCO02OUT013,1000
FDR56OUT010,1000
NCM54OUT049,1000
FDP51OUT035,1000
FDT38OUT013,1000
FDZ20OUT018,1000
FDJ53OUT013,1000
FDX13OUT049,1000
FDP58OUT035,1000
NCK31OUT019,1000
FDA35OUT018,1000
FDV37OUT018,1000
NCO07OUT027,1000
FDA20OUT045,1000
FDZ59OUT035,1000
NCY17OUT017,1000
FDQ28OUT035,1000
FDV35OUT017,1000
FDQ36OUT013,1000
FDD34OUT018,1000
FDK51OUT045,1000
FDV31OUT035,1000
FDR04OUT035,1000
FDR14OUT049,1000
DRC36OUT010,1000
FDE39OUT019,1000
FDP57OUT049,1000
FDE57OUT046,1000
NCN18OUT046,1000
NCQ05OUT018,1000
FDW47OUT035,1000
FDV46OUT035,1000
NCP29OUT045,1000
FDE09OUT018,1000
NCU06OUT027,1000
FDT19OUT010,1000
DRF15OUT017,1000
DRI51OUT013,1000
NCX54OUT013,1000
DRE01OUT013,1000
NCB07OUT045,1000
FDU50OUT035,1000
FDG40OUT035,1000
FDW10OUT018,1000
FDX51OUT013,1000
NCP17OUT045,1000
FDP21OUT035,1000
FDL04OUT045,1000
FDV23OUT013,1000
FDF24OUT046,1000
FDH56OUT027,1000
FDB51OUT049,1000
FDI58OUT027,1000
FDR20OUT013,1000
FDC51OUT018,1000
FDB16OUT027,1000
FDE40OUT049,1000
NCM17OUT035,1000
FDU56OUT035,1000
FDS32OUT019,1000
FDX02OUT049,1000
FDT39OUT027,1000
FDE35OUT017,1000
NCI42OUT019,1000
DRL23OUT046,1000
FDA10OUT046,1000
FDA11OUT013,1000
NCM06OUT046,1000
NCT05OUT035,1000
NCQ02OUT010,1000
NCY06OUT049,1000
FDY56OUT035,1000
FDL02OUT035,1000
NCI06OUT035,1000
FDQ14OUT045,1000
FDQ12OUT017,1000
FDP36OUT046,1000
FDK21OUT027,1000
FDO40OUT045,1000
NCK54OUT019,1000
FDY09OUT018,1000
NCW30OUT049,1000
NCC55OUT027,1000
FDE58OUT018,1000
FDR39OUT013,1000
FDU28OUT049,1000
FDH08OUT017,1000
FDG35OUT045,1000
FDG22OUT049,1000
FDC34OUT035,1000
FDP15OUT018,1000
FDK34OUT010,1000
FDU45OUT035,1000
FDQ04OUT027,1000
FDX22OUT018,1000
FDB45OUT017,1000
NCH43OUT027,1000
DRE60OUT046,1000
FDD17OUT027,1000
NCM54OUT017,1000
NCH55OUT013,1000
NCT06OUT017,1000
FDA48OUT027,1000
FDY58OUT027,1000
FDO25OUT045,1000
FDN50OUT045,1000
FDH35OUT035,1000
FDK09OUT045,1000
FDO16OUT013,1000
FDW11OUT045,1000
FDU47OUT027,1000
NCQ42OUT010,1000
FDK55OUT027,1000
FDN08OUT049,1000
FDT57OUT045,1000
FDJ12OUT018,1000
DRL59OUT017,1000
NCN53OUT046,1000
FDO51OUT010,1000
FDK56OUT017,1000
FDY12OUT035,1000
FDU15OUT035,1000
FDQ19OUT046,1000
DRF15OUT045,1000
DRE25OUT019,1000
FDK57OUT018,1000
FDD33OUT010,1000
FDR34OUT027,1000
FDU04OUT045,1000
FDE35OUT019,1000
NCD31OUT035,1000
FDJ56OUT035,1000
NCU53OUT046,1000
FDD39OUT035,1000
NCU17OUT019,1000
FDJ20OUT046,1000
NCW41OUT018,1000
FDL52OUT035,1000
FDS39OUT035,1000
DRJ47OUT045,1000
FDP13OUT010,1000
DRK39OUT010,1000
FDF28OUT010,1000
FDB09OUT045,1000
FDM51OUT046,1000
DRM49OUT018,1000
DRF23OUT013,1000
DRH01OUT035,1000
FDH12OUT027,1000
FDA28OUT019,1000
FDW37OUT018,1000
FDF02OUT046,1000
DRL37OUT046,1000
NCF43OUT046,1000
FDH08OUT010,1000
FDR34OUT019,1000
NCK19OUT049,1000
NCD55OUT018,1000
FDT27OUT049,1000
FDQ57OUT045,1000
FDA47OUT035,1000
DRG15OUT027,1000
FDE05OUT018,1000
FDN46OUT046,1000
FDX27OUT027,1000
FDT51OUT045,1000
FDU33OUT013,1000
FDJ16OUT027,1000
FDD20OUT019,1000
FDT36OUT049,1000
DRF15OUT027,1000
FDN52OUT010,1000
FDC22OUT027,1000
FDX15OUT045,1000
FDT13OUT013,1000
FDU04OUT017,1000
FDU31OUT019,1000
FDW59OUT027,1000
NCO29OUT046,1000
FDL15OUT035,1000
FDI41OUT049,1000
FDQ48OUT049,1000
DRI39OUT013,1000
FDI08OUT013,1000
FDC21OUT049,1000
FDF58OUT035,1000
FDS08OUT010,1000
FDE47OUT045,1000
NCP18OUT019,1000
NCR41OUT013,1000
FDA27OUT013,1000
FDA43OUT035,1000
FDA49OUT045,1000
NCE55OUT018,1000
DRM49OUT027,1000
FDF22OUT027,1000
FDQ15OUT018,1000
NCS54OUT017,1000
NCY05OUT013,1000
FDR45OUT046,1000
FDK57OUT049,1000
FDF41OUT010,1000
FDV21OUT046,1000
FDD51OUT046,1000
FDF33OUT046,1000
FDA38OUT046,1000
FDR56OUT045,1000
NCN41OUT017,1000
FDC60OUT027,1000
FDB47OUT045,1000
DRH01OUT013,1000
FDW08OUT046,1000
FDF38OUT027,1000
FDY32OUT017,1000
FDG34OUT049,1000
FDG47OUT019,1000
NCF18OUT035,1000
FDL39OUT019,1000
NCH55OUT035,1000
DRJ35OUT049,1000
FDS44OUT035,1000
DRE01OUT018,1000
FDY39OUT013,1000
FDY32OUT018,1000
FDR33OUT027,1000
NCP50OUT049,1000
FDZ47OUT018,1000
FDU57OUT049,1000
FDY44OUT013,1000
DRH59OUT018,1000
FDB03OUT027,1000
FDY46OUT045,1000
FDM39OUT045,1000
FDY36OUT035,1000
NCM55OUT035,1000
FDJ50OUT010,1000
DRL60OUT013,1000
NCJ54OUT049,1000
FDX59OUT017,1000
FDI07OUT013,1000
DRF51OUT010,1000
FDM14OUT017,1000
FDP21OUT045,1000
FDE40OUT035,1000
FDE05OUT035,1000
FDM13OUT027,1000
FDC34OUT027,1000
NCI55OUT018,1000
NCE43OUT018,1000
FDW58OUT018,1000
FDG60OUT045,1000
FDV31OUT017,1000
FDR47OUT013,1000
FDM60OUT019,1000
NCF06OUT018,1000
NCN26OUT027,1000
FDQ59OUT049,1000
FDF09OUT046,1000
NCS06OUT017,1000
FDT44OUT046,1000
FDI19OUT017,1000
FDT22OUT017,1000
NCF54OUT027,1000
DRG25OUT045,1000
FDB59OUT017,1000
FDQ37OUT017,1000
FDP56OUT035,1000
FDW44OUT035,1000
FDJ26OUT010,1000
FDU43OUT018,1000
FDW33OUT045,1000
NCX53OUT027,1000
FDN56OUT010,1000
DRF15OUT049,1000
FDO33OUT017,1000
FDZ39OUT010,1000
NCJ19OUT017,1000
FDU01OUT035,1000
FDT12OUT035,1000
NCM18OUT018,1000
FDP19OUT017,1000
NCR42OUT049,1000
FDN10OUT046,1000
FDG44OUT017,1000
FDQ10OUT046,1000
DRH13OUT049,1000
FDT52OUT013,1000
FDM56OUT045,1000
NCO43OUT010,1000
NCV29OUT035,1000
NCF06OUT013,1000
FDO50OUT035,1000
FDT59OUT013,1000
FDX40OUT027,1000
FDE50OUT017,1000
FDX51OUT017,1000
NCD30OUT018,1000
FDK15OUT013,1000
FDL12OUT045,1000
FDK46OUT017,1000
DRH49OUT010,1000
FDQ57OUT046,1000
FDY59OUT017,1000
FDO09OUT018,1000
NCG30OUT035,1000
FDM09OUT017,1000
NCN17OUT027,1000
NCS42OUT013,1000
FDD02OUT019,1000
FDE34OUT013,1000
FDU38OUT045,1000
FDB33OUT046,1000
NCJ29OUT017,1000
FDZ27OUT035,1000
FDI40OUT013,1000
FDG22OUT013,1000
FDT51OUT017,1000
FDF20OUT018,1000
FDV50OUT035,1000
FDT02OUT049,1000
DRC49OUT017,1000
FDF26OUT049,1000
FDV52OUT035,1000
FDX59OUT049,1000
FDV25OUT035,1000
FDW23OUT027,1000
FDE53OUT018,1000
FDA19OUT017,1000
FDH22OUT046,1000
NCO41OUT013,1000
FDX12OUT017,1000
FDF17OUT013,1000
FDS11OUT045,1000
FDR51OUT035,1000
FDT49OUT010,1000
FDC56OUT013,1000
FDR13OUT027,1000
FDQ60OUT035,1000
FDN38OUT049,1000
NCL29OUT013,1000
FDO13OUT027,1000
FDE26OUT018,1000
FDA31OUT010,1000
FDX14OUT035,1000
FDA34OUT045,1000
FDF26OUT013,1000
FDE38OUT045,1000
DRI11OUT046,1000
FDQ60OUT027,1000
FDL21OUT027,1000
DRC12OUT027,1000
FDC47OUT046,1000
FDE57OUT045,1000
FDT14OUT045,1000
NCZ53OUT046,1000
FDE28OUT018,1000
FDR19OUT035,1000
NCF54OUT019,1000
FDZ08OUT046,1000
NCJ05OUT018,1000
FDF59OUT046,1000
NCO05OUT035,1000
FDW24OUT018,1000
NCX42OUT018,1000
NCA53OUT035,1000
FDI45OUT019,1000
FDG46OUT046,1000
FDM20OUT010,1000
FDW11OUT010,1000
FDX08OUT035,1000
NCK17OUT035,1000
FDK32OUT018,1000
NCA42OUT035,1000
DRI01OUT035,1000
NCL55OUT049,1000
DRE25OUT018,1000
FDD14OUT017,1000
FDB10OUT046,1000
DRN11OUT035,1000
FDP38OUT018,1000
NCA30OUT017,1000
FDT15OUT017,1000
NCP55OUT018,1000
FDF12OUT035,1000
FDM21OUT018,1000
FDX56OUT035,1000
FDF10OUT017,1000
FDT32OUT045,1000
FDM51OUT018,1000
NCR50OUT018,1000
FDI19OUT049,1000
FDX21OUT017,1000
FDR31OUT035,1000
FDY02OUT013,1000
NCA29OUT045,1000
NCX17OUT046,1000
FDM12OUT045,1000
FDI53OUT027,1000
NCU30OUT049,1000
FDC56OUT027,1000
FDK27OUT018,1000
NCK18OUT017,1000
FDB52OUT019,1000
DRG25OUT027,1000
FDZ13OUT049,1000
FDB57OUT019,1000
FDR40OUT046,1000
NCO14OUT019,1000
NCN19OUT045,1000
FDQ28OUT019,1000
FDO13OUT018,1000
FDK48OUT013,1000
FDU07OUT018,1000
FDW20OUT046,1000
FDV12OUT010,1000
FDH24OUT013,1000
FDV59OUT049,1000
FDK57OUT045,1000
FDL16OUT027,1000
NCQ17OUT046,1000
FDJ15OUT018,1000
FDX24OUT049,1000
FDT47OUT046,1000
FDT10OUT049,1000
FDZ37OUT018,1000
FDW43OUT027,1000
DRN36OUT017,1000
FDJ14OUT045,1000
FDA32OUT013,1000
FDJ38OUT019,1000
FDQ57OUT017,1000
NCQ41OUT019,1000
FDG56OUT049,1000
DRC13OUT027,1000
FDV55OUT035,1000
FDQ49OUT045,1000
FDE29OUT010,1000
FDR03OUT013,1000
FDD45OUT049,1000
FDN38OUT010,1000
FDT56OUT046,1000
FDT48OUT045,1000
FDU03OUT049,1000
FDC56OUT010,1000
NCO43OUT027,1000
FDQ27OUT017,1000
FDR03OUT046,1000
DRH23OUT010,1000
FDG22OUT045,1000
NCJ42OUT013,1000
FDR24OUT046,1000
FDW60OUT035,1000
FDJ08OUT013,1000
DRL59OUT018,1000
FDG60OUT010,1000
FDW27OUT017,1000
FDX14OUT018,1000
FDC20OUT013,1000
NCS29OUT018,1000
FDJ56OUT046,1000
FDB20OUT019,1000
FDL28OUT027,1000
FDW01OUT018,1000
FDL03OUT046,1000
FDX22OUT049,1000
FDJ21OUT035,1000
FDR31OUT045,1000
FDG21OUT035,1000
FDS22OUT027,1000
FDK08OUT035,1000
FDE17OUT018,1000
NCN30OUT017,1000
FDT50OUT046,1000
NCX42OUT049,1000
FDJ12OUT035,1000
NCA18OUT027,1000
FDP23OUT019,1000
FDX12OUT013,1000
FDN40OUT018,1000
FDV48OUT035,1000
NCY54OUT013,1000
FDL16OUT010,1000
FDR45OUT018,1000
FDJ52OUT046,1000
DRG01OUT017,1000
FDP52OUT013,1000
FDU58OUT017,1000
FDL02OUT045,1000
FDG28OUT013,1000
FDA19OUT035,1000
FDW46OUT027,1000
NCD43OUT049,1000
DRG39OUT013,1000
NCF55OUT049,1000
FDJ07OUT046,1000
FDE08OUT046,1000
FDP56OUT019,1000
FDT45OUT045,1000
FDF17OUT018,1000
FDX44OUT046,1000
FDM28OUT027,1000
FDI36OUT049,1000
FDS07OUT045,1000
FDD36OUT045,1000
FDW11OUT046,1000
FDN40OUT049,1000
NCQ18OUT049,1000
NCQ54OUT017,1000
NCS42OUT045,1000
DRH39OUT010,1000
FDC09OUT027,1000
FDT08OUT010,1000
FDC08OUT035,1000
FDT20OUT017,1000
FDS35OUT035,1000
FDX58OUT018,1000
FDW58OUT046,1000
DRD27OUT046,1000
FDH32OUT019,1000
FDS26OUT035,1000
FDQ31OUT046,1000
FDP11OUT018,1000
FDD58OUT017,1000
FDM33OUT045,1000
FDZ16OUT049,1000
NCS29OUT010,1000
NCM18OUT019,1000
FDP11OUT049,1000
NCC42OUT017,1000
DRM23OUT046,1000
NCN55OUT027,1000
FDK46OUT013,1000
FDR01OUT046,1000
NCA05OUT045,1000
NCP43OUT017,1000
FDR12OUT010,1000
FDQ01OUT013,1000
FDM13OUT046,1000
FDQ19OUT017,1000
FDK56OUT019,1000
NCX06OUT010,1000
FDO56OUT027,1000
FDU45OUT045,1000
FDI16OUT019,1000
FDL32OUT046,1000
FDA07OUT046,1000
FDA14OUT045,1000
FDV46OUT027,1000
NCO07OUT035,1000
NCP41OUT046,1000
FDY60OUT018,1000
FDN38OUT017,1000
FDO15OUT046,1000
FDT60OUT013,1000
FDA55OUT035,1000
FDE02OUT010,1000
DRJ39OUT049,1000
FDV34OUT035,1000
FDS20OUT027,1000
FDF02OUT027,1000
FDW40OUT017,1000
NCB43OUT046,1000
FDR58OUT017,1000
DRJ59OUT035,1000
NCD30OUT017,1000
FDE14OUT017,1000
FDC28OUT018,1000
FDU16OUT018,1000
NCD19OUT035,1000
FDU21OUT046,1000
FDV59OUT027,1000
FDU03OUT045,1000
FDC33OUT010,1000
NCR42OUT035,1000
DRH59OUT035,1000
NCM31OUT035,1000
FDS50OUT035,1000
FDP39OUT046,1000
FDQ55OUT013,1000
FDV36OUT019,1000
FDI05OUT027,1000
FDS45OUT027,1000
FDA39OUT045,1000
FDC37OUT010,1000
FDJ60OUT027,1000
DRQ35OUT046,1000
NCJ06OUT046,1000
NCY42OUT018,1000
DRM37OUT049,1000
FDR14OUT045,1000
FDE51OUT049,1000
FDT33OUT017,1000
FDR08OUT013,1000
FDE36OUT010,1000
FDL22OUT019,1000
FDR44OUT013,1000
FDI56OUT019,1000
FDE47OUT010,1000
FDV27OUT010,1000
FDV10OUT049,1000
FDC40OUT045,1000
NCX41OUT013,1000
NCQ38OUT027,1000
FDV12OUT027,1000
FDE52OUT017,1000
FDG20OUT027,1000
FDV16OUT027,1000
FDI32OUT017,1000
FDJ32OUT049,1000
FDN39OUT018,1000
FDY34OUT017,1000
FDC14OUT035,1000
FDA55OUT017,1000
FDZ50OUT010,1000
DRG13OUT049,1000
FDP01OUT013,1000
NCG54OUT017,1000
FDM13OUT045,1000
NCO18OUT027,1000
NCW41OUT013,1000
FDM52OUT027,1000
NCF55OUT035,1000
FDT09OUT046,1000
NCM19OUT035,1000
FDW12OUT018,1000
FDP15OUT019,1000
FDK36OUT045,1000
FDZ25OUT035,1000
NCW06OUT049,1000
FDW60OUT046,1000
DRC49OUT013,1000
NCT17OUT035,1000
NCN06OUT018,1000
FDC45OUT013,1000
DRJ47OUT019,1000
NCF06OUT045,1000
FDE21OUT010,1000
DRG27OUT013,1000
FDW40OUT049,1000
NCO53OUT046,1000
FDE23OUT049,1000
FDQ16OUT046,1000
FDS26OUT045,1000
FDZ13OUT010,1000
FDS14OUT049,1000
FDC10OUT045,1000
FDY16OUT049,1000
FDJ20OUT035,1000
FDV43OUT035,1000
FDZ32OUT027,1000
FDR23OUT046,1000
FDN24OUT035,1000
FDE34OUT027,1000
FDU31OUT013,1000
FDW33OUT018,1000
FDU26OUT046,1000
FDE20OUT027,1000
NCW05OUT035,1000
FDB22OUT018,1000
FDO56OUT046,1000
FDA19OUT027,1000
DRI39OUT045,1000
FDH52OUT018,1000
FDZ50OUT035,1000
NCN42OUT035,1000
FDB53OUT013,1000
DRG11OUT017,1000
DRK11OUT027,1000
FDQ60OUT017,1000
FDT36OUT017,1000
DRG25OUT018,1000
DRJ23OUT046,1000
FDG05OUT035,1000
NCK06OUT018,1000
FDU52OUT017,1000
FDW07OUT018,1000
NCM17OUT045,1000
FDA22OUT045,1000
NCA41OUT018,1000
FDF38OUT035,1000
FDH52OUT046,1000
FDY58OUT019,1000
FDZ16OUT045,1000
NCM18OUT017,1000
FDA22OUT018,1000
NCJ43OUT035,1000
FDI34OUT027,1000
FDG56OUT046,1000
FDS34OUT046,1000
DRC01OUT035,1000
FDQ04OUT035,1000
FDK04OUT035,1000
FDT51OUT049,1000
FDV26OUT017,1000
FDS04OUT049,1000
FDW43OUT018,1000
FDQ28OUT010,1000
NCK06OUT017,1000
FDS23OUT018,1000
FDZ36OUT019,1000
FDE56OUT018,1000
FDW10OUT027,1000
NCN14OUT045,1000
NCQ18OUT045,1000
FDW08OUT017,1000
FDU43OUT035,1000
FDR33OUT010,1000
FDM24OUT010,1000
NCZ05OUT046,1000
NCV41OUT035,1000
FDV11OUT018,1000
NCY05OUT035,1000
FDV44OUT018,1000
FDW32OUT049,1000
NCU18OUT027,1000
NCC43OUT035,1000
FDW19OUT013,1000
FDN31OUT035,1000
FDI48OUT045,1000
FDS24OUT017,1000
FDF46OUT049,1000
DRG23OUT017,1000
FDG14OUT018,1000
NCY30OUT049,1000
FDO28OUT018,1000
DRD24OUT035,1000
FDI33OUT049,1000
FDN32OUT046,1000
FDR16OUT045,1000
FDF26OUT046,1000
NCN29OUT018,1000
FDE20OUT045,1000
FDA46OUT046,1000
FDU28OUT045,1000
FDQ48OUT045,1000
FDV36OUT013,1000
FDR14OUT018,1000
FDP23OUT017,1000
FDP56OUT013,1000
FDK48OUT010,1000
FDR48OUT046,1000
NCY29OUT049,1000
FDM22OUT018,1000
DRJ01OUT013,1000
FDZ43OUT045,1000
FDV03OUT035,1000
FDX11OUT027,1000
NCA41OUT027,1000
FDE38OUT017,1000
FDI27OUT018,1000
FDN32OUT013,1000
NCN43OUT017,1000
FDB47OUT027,1000
FDV03OUT017,1000
NCN30OUT045,1000
NCV54OUT010,1000
FDV07OUT013,1000
FDP07OUT049,1000
FDK48OUT018,1000
FDM15OUT019,1000
FDY19OUT027,1000
FDK46OUT046,1000
FDY11OUT045,1000
FDH09OUT046,1000
FDO08OUT027,1000
FDU14OUT013,1000
FDD22OUT027,1000
FDM27OUT017,1000
FDL02OUT027,1000
NCA17OUT035,1000
FDE38OUT019,1000
NCG07OUT049,1000
DRC27OUT013,1000
FDA27OUT035,1000
FDW40OUT045,1000
DRI11OUT013,1000
FDN50OUT046,1000
FDR12OUT046,1000
FDT34OUT027,1000
FDW11OUT035,1000
NCO30OUT027,1000
FDZ34OUT017,1000
FDU45OUT017,1000
NCD42OUT035,1000
FDX25OUT045,1000
NCR29OUT046,1000
FDX43OUT019,1000
FDB04OUT010,1000
FDR49OUT027,1000
FDS39OUT018,1000
FDW58OUT045,1000
FDG22OUT019,1000
FDG31OUT017,1000
NCV53OUT027,1000
DRJ37OUT035,1000
FDV07OUT035,1000
FDW52OUT018,1000
FDT15OUT045,1000
FDD02OUT018,1000
FDM16OUT035,1000
NCE55OUT046,1000
FDB57OUT018,1000
FDQ04OUT013,1000
FDQ47OUT019,1000
FDY14OUT019,1000
DRK37OUT017,1000
FDO25OUT017,1000
FDL57OUT046,1000
NCK29OUT018,1000
FDK46OUT027,1000
NCB43OUT010,1000
DRE01OUT027,1000
FDC46OUT018,1000
FDQ23OUT045,1000
FDX38OUT049,1000
FDG60OUT018,1000
FDW55OUT017,1000
FDP39OUT013,1000
FDB20OUT018,1000
FDV21OUT017,1000
FDZ02OUT013,1000
FDP19OUT027,1000
FDA38OUT035,1000
FDH22OUT045,1000
DRM11OUT045,1000
FDO12OUT027,1000
FDT14OUT049,1000
FDW34OUT010,1000
FDG04OUT027,1000
FDW59OUT018,1000
FDR33OUT018,1000
FDP32OUT013,1000
FDL13OUT027,1000
FDD22OUT013,1000
FDV40OUT027,1000
NCD55OUT046,1000
FDQ20OUT010,1000
FDD28OUT045,1000
FDC39OUT045,1000
NCR17OUT049,1000
DRO35OUT018,1000
FDF40OUT049,1000
FDR31OUT018,1000
NCQ41OUT017,1000
FDP38OUT046,1000
NCU54OUT027,1000
FDG22OUT018,1000
DRK59OUT013,1000
FDC37OUT046,1000
NCO42OUT013,1000
NCT42OUT017,1000
FDX27OUT035,1000
FDV40OUT018,1000
FDT45OUT027,1000
FDS47OUT019,1000
FDR45OUT035,1000
FDB03OUT045,1000
FDO49OUT035,1000
FDU60OUT027,1000
FDB26OUT018,1000
FDB46OUT017,1000
FDQ37OUT019,1000
FDN03OUT017,1000
NCX30OUT045,1000
FDK32OUT019,1000
DRM47OUT013,1000
NCO02OUT046,1000
FDP04OUT013,1000
NCO43OUT049,1000
FDD59OUT013,1000
FDQ10OUT017,1000
FDW45OUT035,1000
NCK30OUT049,1000
FDU31OUT018,1000
NCQ17OUT019,1000
FDN01OUT017,1000
FDZ19OUT049,1000
DRG37OUT017,1000
FDE32OUT045,1000
FDO34OUT049,1000
FDM04OUT019,1000
FDZ25OUT049,1000
FDU08OUT049,1000
NCW30OUT045,1000
NCM18OUT013,1000
FDS22OUT035,1000
NCH18OUT017,1000
FDC23OUT013,1000
FDY46OUT013,1000
NCU06OUT046,1000
FDX57OUT045,1000
FDX36OUT027,1000
FDL16OUT045,1000
FDT16OUT010,1000
FDN16OUT018,1000
FDC03OUT046,1000
DRF60OUT013,1000
FDS27OUT027,1000
FDP33OUT010,1000
FDJ36OUT018,1000
NCR42OUT013,1000
FDV14OUT017,1000
NCP42OUT035,1000
FDB50OUT027,1000
NCC30OUT027,1000
FDA23OUT018,1000
FDW16OUT017,1000
FDQ52OUT010,1000
FDB58OUT049,1000
NCP29OUT049,1000
NCM05OUT045,1000
FDO25OUT013,1000
NCM54OUT046,1000
NCL54OUT046,1000
FDL39OUT010,1000
FDF53OUT018,1000
NCQ42OUT035,1000
FDF58OUT013,1000
FDZ04OUT035,1000
FDE26OUT019,1000
FDS60OUT017,1000
FDV58OUT017,1000
FDM04OUT045,1000
FDE08OUT035,1000
NCB43OUT049,1000
FDU11OUT010,1000
FDF22OUT019,1000
FDE24OUT013,1000
DRJ49OUT046,1000
NCQ53OUT035,1000
NCL41OUT013,1000
FDR22OUT013,1000
FDH04OUT035,1000
DRH15OUT045,1000
FDY40OUT049,1000
NCI17OUT035,1000
NCC18OUT013,1000
FDY28OUT027,1000
FDB45OUT027,1000
NCL30OUT018,1000
FDM10OUT017,1000
FDH22OUT027,1000
NCZ53OUT017,1000
NCI18OUT013,1000
FDH14OUT027,1000
FDR36OUT027,1000
FDW01OUT045,1000
FDK02OUT027,1000
FDJ02OUT018,1000
FDU55OUT013,1000
NCV18OUT027,1000
FDH14OUT018,1000
FDZ37OUT045,1000
FDX49OUT049,1000
NCD43OUT046,1000
FDZ07OUT013,1000
FDK43OUT035,1000
FDR32OUT018,1000
FDT39OUT013,1000
NCV54OUT017,1000
FDF38OUT018,1000
FDV60OUT046,1000
FDH44OUT027,1000
FDS21OUT046,1000
NCL41OUT045,1000
FDM46OUT017,1000
FDU27OUT045,1000
NCJ54OUT017,1000
DRG51OUT018,1000
NCA29OUT019,1000
FDR47OUT045,1000
NCL19OUT027,1000
DRG01OUT049,1000
FDG10OUT046,1000
NCV05OUT049,1000
NCH18OUT019,1000
FDV14OUT018,1000
DRJ23OUT035,1000
DRJ11OUT046,1000
FDZ03OUT017,1000
FDI27OUT010,1000
FDJ14OUT018,1000
FDU32OUT017,1000
FDD47OUT027,1000
DRF36OUT035,1000
FDM21OUT046,1000
FDV10OUT018,1000
FDH60OUT018,1000
FDX47OUT010,1000
FDT19OUT019,1000
FDO11OUT045,1000
FDH24OUT027,1000
FDL02OUT018,1000
FDB02OUT049,1000
FDA43OUT046,1000
FDG52OUT045,1000
DRC12OUT013,1000
FDY37OUT018,1000
NCU18OUT045,1000
FDU09OUT035,1000
DRJ25OUT027,1000
DRE12OUT018,1000
DRL47OUT017,1000
DRK01OUT046,1000
FDC22OUT019,1000
FDG44OUT013,1000
FDW04OUT035,1000
FDK09OUT049,1000
NCN43OUT035,1000
FDG04OUT049,1000
FDH32OUT010,1000
DRI47OUT017,1000
DRE15OUT013,1000
FDY11OUT035,1000
FDO60OUT049,1000
FDQ20OUT018,1000
FDO57OUT027,1000
FDT14OUT019,1000
FDA57OUT049,1000
DRN35OUT017,1000
FDJ03OUT046,1000
FDX28OUT017,1000
DRE25OUT045,1000
FDR09OUT046,1000
FDB23OUT035,1000
FDO08OUT045,1000
FDQ23OUT049,1000
FDW04OUT013,1000
DRK13OUT010,1000
NCL17OUT027,1000
FDY21OUT035,1000
FDJ38OUT027,1000
FDA37OUT019,1000
FDV43OUT013,1000
FDL36OUT046,1000
FDD53OUT045,1000
FDZ19OUT010,1000
FDV21OUT045,1000
NCL54OUT018,1000
DRI47OUT027,1000
DRG03OUT049,1000
FDG21OUT013,1000
FDW03OUT018,1000
NCI55OUT046,1000
DRC36OUT019,1000
FDH22OUT017,1000
FDV20OUT045,1000
NCU41OUT027,1000
FDN46OUT027,1000
FDK50OUT045,1000
NCA05OUT027,1000
DRH01OUT018,1000
FDT08OUT018,1000
FDM08OUT018,1000
FDZ07OUT035,1000
FDS22OUT017,1000
FDV35OUT027,1000
FDI28OUT010,1000
FDW58OUT027,1000
FDT52OUT045,1000
FDY34OUT046,1000
FDR10OUT046,1000
FDK57OUT017,1000
FDR02OUT027,1000
FDX49OUT046,1000
FDQ20OUT046,1000
DRK23OUT045,1000
NCW06OUT046,1000
FDR31OUT017,1000
NCE43OUT013,1000
DRO59OUT027,1000
FDN09OUT049,1000
FDR11OUT046,1000
FDO57OUT013,1000
NCX18OUT017,1000
FDB05OUT018,1000
FDQ08OUT018,1000
NCG43OUT035,1000
FDJ56OUT013,1000
FDA13OUT010,1000
FDO56OUT017,1000
FDB37OUT018,1000
FDZ02OUT018,1000
FDQ24OUT046,1000
FDM16OUT013,1000
FDU35OUT049,1000
FDT35OUT035,1000
NCX30OUT049,1000
FDG04OUT017,1000
FDI12OUT035,1000
FDE35OUT035,1000
NCP14OUT027,1000
NCY53OUT045,1000
FDP49OUT017,1000
FDQ04OUT017,1000
FDM39OUT035,1000
FDO58OUT019,1000
FDC56OUT017,1000
NCQ54OUT046,1000
FDV10OUT027,1000
NCK17OUT046,1000
NCF55OUT027,1000
FDV33OUT013,1000
NCH29OUT019,1000
FDA37OUT027,1000
FDH46OUT018,1000
FDS25OUT035,1000
FDH04OUT027,1000
FDX52OUT046,1000
NCD42OUT017,1000
FDW47OUT017,1000
FDL25OUT027,1000
NCJ06OUT010,1000
FDY09OUT013,1000
FDS40OUT046,1000
FDH41OUT017,1000
FDG38OUT035,1000
FDU03OUT027,1000
FDV20OUT046,1000
DRB13OUT045,1000
NCQ30OUT013,1000
NCH06OUT013,1000
FDU50OUT018,1000
NCO42OUT019,1000
FDW09OUT018,1000
FDH04OUT013,1000
FDC21OUT045,1000
FDL21OUT049,1000
FDM46OUT010,1000
FDT22OUT019,1000
FDB28OUT035,1000
FDI12OUT018,1000
FDA28OUT045,1000
FDF59OUT013,1000
FDM45OUT027,1000
FDQ56OUT017,1000
FDR46OUT049,1000
FDT01OUT013,1000
FDD16OUT027,1000
NCU30OUT010,1000
FDM40OUT010,1000
FDI56OUT035,1000
NCS30OUT013,1000
FDU08OUT017,1000
FDX51OUT027,1000
FDA43OUT045,1000
FDX59OUT010,1000
FDC37OUT018,1000
FDP58OUT013,1000
NCY42OUT035,1000
FDF21OUT018,1000
FDU10OUT027,1000
DRL47OUT018,1000
FDA58OUT018,1000
FDJ22OUT049,1000
FDK50OUT046,1000
FDO38OUT035,1000
DRF60OUT035,1000
NCZ42OUT019,1000
FDD35OUT049,1000
FDL25OUT045,1000
FDJ16OUT013,1000
DRK59OUT049,1000
FDI50OUT046,1000
NCB19OUT045,1000
DRI37OUT035,1000
FDA14OUT027,1000
FDC08OUT018,1000
FDS45OUT046,1000
FDI21OUT049,1000
DRJ47OUT035,1000
DRE37OUT027,1000
FDT55OUT018,1000
NCG42OUT027,1000
FDA31OUT049,1000
NCW42OUT046,1000
FDF50OUT017,1000
FDK56OUT049,1000
FDX10OUT035,1000
NCK07OUT027,1000
FDZ49OUT017,1000
FDR33OUT013,1000
FDO44OUT018,1000
FDA20OUT046,1000
NCL30OUT045,1000
FDI05OUT019,1000
FDQ12OUT018,1000
FDH47OUT017,1000
FDH34OUT018,1000
FDF29OUT046,1000
FDG40OUT018,1000
NCE18OUT017,1000
FDP21OUT010,1000
FDY50OUT013,1000
FDB36OUT049,1000
NCZ29OUT049,1000
FDU20OUT018,1000
FDO56OUT013,1000
FDW31OUT049,1000
DRH59OUT013,1000
NCB30OUT017,1000
FDK43OUT027,1000
FDW43OUT045,1000
NCL19OUT017,1000
FDJ27OUT046,1000
FDC45OUT046,1000
FDY40OUT035,1000
NCM41OUT035,1000
NCK18OUT019,1000
FDP37OUT049,1000
FDA27OUT027,1000
NCX30OUT035,1000
FDR09OUT017,1000
FDG08OUT027,1000
NCU30OUT013,1000
FDB16OUT017,1000
FDM16OUT017,1000
FDC48OUT013,1000
NCF18OUT046,1000
FDU46OUT018,1000
FDH41OUT018,1000
NCN42OUT010,1000
FDU49OUT046,1000
FDB20OUT027,1000
FDG50OUT019,1000
FDW20OUT045,1000
NCO55OUT049,1000
FDX48OUT046,1000
FDU48OUT046,1000
FDR48OUT019,1000
FDK27OUT013,1000
FDT35OUT013,1000
FDN12OUT049,1000
NCE31OUT019,1000
FDL21OUT017,1000
FDV56OUT017,1000
FDR16OUT017,1000
NCP41OUT049,1000
FDJ27OUT013,1000
FDA07OUT017,1000
FDK55OUT049,1000
FDM33OUT049,1000
FDY46OUT046,1000
FDD36OUT046,1000
FDB12OUT027,1000
FDF28OUT019,1000
NCE07OUT019,1000
FDW50OUT027,1000
NCW18OUT017,1000
NCJ17OUT019,1000
DRZ24OUT010,1000
FDS07OUT035,1000
NCW05OUT010,1000
FDZ22OUT018,1000
FDK02OUT046,1000
FDZ45OUT027,1000
FDL25OUT046,1000
FDS08OUT045,1000
NCZ42OUT027,1000
FDX57OUT035,1000
FDF21OUT046,1000
FDJ56OUT018,1000
FDX10OUT013,1000
DRG48OUT035,1000
DRN37OUT046,1000
NCY41OUT018,1000
FDN28OUT045,1000
FDE34OUT045,1000
FDR10OUT045,1000
FDC32OUT017,1000
DRG13OUT046,1000
FDP59OUT049,1000
NCT53OUT010,1000
FDL57OUT027,1000
FDN32OUT010,1000
FDK09OUT018,1000
FDA52OUT010,1000
FDC57OUT049,1000
FDI09OUT035,1000
NCB07OUT046,1000
FDP26OUT035,1000
FDP40OUT027,1000
FDL15OUT013,1000
FDV07OUT046,1000
FDS03OUT017,1000
FDE50OUT049,1000
FDQ15OUT017,1000
FDQ33OUT010,1000
FDT22OUT013,1000
DRO35OUT035,1000
FDJ41OUT049,1000
FDQ27OUT035,1000
FDC26OUT017,1000
NCF43OUT027,1000
NCR50OUT035,1000
FDE39OUT018,1000
FDN49OUT027,1000
DRG11OUT035,1000
NCA18OUT049,1000
FDM36OUT018,1000
FDW32OUT017,1000
NCQ18OUT010,1000
FDX14OUT027,1000
FDD46OUT017,1000
FDI34OUT019,1000
NCJ17OUT035,1000
FDB52OUT035,1000
FDV55OUT018,1000
FDC57OUT046,1000
FDB29OUT046,1000
NCO43OUT035,1000
FDG44OUT045,1000
FDJ34OUT045,1000
FDH40OUT049,1000
NCD07OUT027,1000
FDB41OUT017,1000
FDH47OUT018,1000
DRK37OUT035,1000
FDM25OUT019,1000
NCX06OUT045,1000
NCS05OUT017,1000
FDS39OUT045,1000
FDC47OUT027,1000
FDG20OUT013,1000
DRL23OUT017,1000
FDY33OUT013,1000
NCH18OUT045,1000
FDX47OUT035,1000
NCB06OUT045,1000
FDP36OUT049,1000
FDW44OUT018,1000
NCU41OUT018,1000
NCS17OUT046,1000
FDD46OUT035,1000
FDE45OUT017,1000
FDI09OUT017,1000
NCJ54OUT010,1000
NCA29OUT018,1000
NCN41OUT027,1000
FDY34OUT035,1000
NCG55OUT035,1000
DRM49OUT046,1000
NCB42OUT049,1000
FDE58OUT045,1000
DRJ25OUT013,1000
FDS47OUT010,1000
FDY21OUT049,1000
NCI54OUT013,1000
FDO24OUT017,1000
FDY43OUT035,1000
FDF35OUT018,1000
NCP29OUT019,1000
FDN28OUT027,1000
FDJ50OUT018,1000
FDQ14OUT027,1000
FDC37OUT035,1000
FDN08OUT046,1000
FDD04OUT035,1000
FDW34OUT018,1000
FDP04OUT017,1000
NCG07OUT017,1000
NCN14OUT018,1000
FDJ16OUT045,1000
NCM42OUT045,1000
NCF19OUT046,1000
FDY21OUT018,1000
FDY19OUT035,1000
FDV09OUT045,1000
FDA28OUT013,1000
FDC38OUT018,1000
FDL28OUT045,1000
NCH43OUT049,1000
NCN53OUT045,1000
NCW05OUT017,1000
NCO30OUT018,1000
FDT04OUT019,1000
FDB27OUT018,1000
NCK07OUT013,1000
NCA53OUT013,1000
FDB33OUT018,1000
FDU37OUT017,1000
FDR13OUT035,1000
FDE45OUT049,1000
FDV37OUT017,1000
FDX44OUT019,1000
NCL06OUT017,1000
FDJ28OUT045,1000
FDX55OUT049,1000
NCK17OUT018,1000
FDH52OUT035,1000
FDN13OUT027,1000
FDK44OUT018,1000
FDU16OUT046,1000
FDZ07OUT017,1000
NCN06OUT027,1000
FDH02OUT010,1000
NCW18OUT045,1000
FDH57OUT013,1000
FDV35OUT045,1000
NCU29OUT013,1000
NCP02OUT046,1000
FDN44OUT013,1000
FDX03OUT018,1000
FDR11OUT010,1000
FDA36OUT046,1000
FDP58OUT027,1000
FDH31OUT045,1000
FDH34OUT035,1000
FDS13OUT035,1000
FDT01OUT018,1000
FDY09OUT049,1000
FDV33OUT027,1000
NCW29OUT010,1000
NCN17OUT045,1000
FDX01OUT046,1000
FDL03OUT049,1000
DRL59OUT049,1000
DRM11OUT027,1000
FDA43OUT049,1000
FDZ56OUT010,1000
FDI44OUT018,1000
FDB50OUT013,1000
FDU15OUT019,1000
NCJ19OUT019,1000
FDD48OUT013,1000
NCW42OUT035,1000
FDL24OUT017,1000
NCB30OUT013,1000
FDK25OUT013,1000
FDW28OUT049,1000
FDD47OUT017,1000
FDK16OUT019,1000
FDW37OUT046,1000
FDA48OUT035,1000
FDA14OUT017,1000
FDV15OUT013,1000
FDN22OUT049,1000
NCD55OUT045,1000
FDY43OUT013,1000
NCU05OUT017,1000
FDF10OUT035,1000
FDR39OUT018,1000
FDG40OUT013,1000
FDZ28OUT019,1000
FDE02OUT045,1000
FDU60OUT049,1000
FDM21OUT013,1000
FDV52OUT019,1000
NCW06OUT013,1000
FDX36OUT035,1000
FDT35OUT027,1000
NCL19OUT010,1000
NCD31OUT046,1000
FDE53OUT019,1000
FDW58OUT019,1000
DRF48OUT046,1000
FDW57OUT035,1000
DRH13OUT017,1000
FDT33OUT013,1000
DRK47OUT027,1000
FDY22OUT010,1000
FDC35OUT019,1000
FDO03OUT013,1000
FDF24OUT045,1000
FDF56OUT018,1000
FDD28OUT013,1000
FDG53OUT027,1000
FDO27OUT019,1000
NCF54OUT018,1000
FDC20OUT027,1000
FDU10OUT046,1000
DRA24OUT018,1000
FDA02OUT010,1000
FDG10OUT017,1000
FDW39OUT010,1000
FDP04OUT019,1000
NCM55OUT013,1000
FDG47OUT045,1000
NCU41OUT017,1000
NCK31OUT017,1000
FDZ46OUT045,1000
FDU13OUT027,1000
NCF19OUT045,1000
NCJ43OUT013,1000
NCJ05OUT045,1000
FDS04OUT027,1000
FDX28OUT010,1000
FDB41OUT027,1000
FDG53OUT046,1000
FDL15OUT010,1000
FDQ08OUT049,1000
DRN36OUT013,1000
FDI46OUT013,1000
FDG16OUT027,1000
FDV32OUT013,1000
FDF44OUT010,1000
FDK04OUT018,1000
NCA41OUT013,1000
FDD51OUT017,1000
NCZ53OUT045,1000
FDP01OUT027,1000
FDY25OUT049,1000
FDB17OUT018,1000
NCV54OUT018,1000
FDJ32OUT017,1000
FDA37OUT049,1000
FDG35OUT035,1000
NCM05OUT018,1000
FDG45OUT046,1000
FDH28OUT013,1000
NCE18OUT049,1000
FDH38OUT045,1000
FDR56OUT013,1000
FDH17OUT027,1000
FDD39OUT049,1000
FDB41OUT049,1000
NCR53OUT046,1000
FDX46OUT017,1000
FDV28OUT049,1000
FDA08OUT018,1000
FDH45OUT017,1000
NCS38OUT010,1000
FDD40OUT010,1000
DRM59OUT035,1000
NCJ43OUT018,1000
NCN29OUT013,1000
NCC19OUT045,1000
FDR56OUT035,1000
FDZ43OUT049,1000
FDJ32OUT010,1000
DRH03OUT017,1000
NCZ54OUT035,1000
FDE26OUT017,1000
FDS03OUT045,1000
DRZ24OUT019,1000
FDO48OUT027,1000
FDW39OUT049,1000
NCK05OUT049,1000
NCK30OUT017,1000
FDT27OUT018,1000
FDS08OUT019,1000
NCJ19OUT049,1000
FDC58OUT045,1000
DRE37OUT013,1000
FDW02OUT035,1000
FDJ02OUT010,1000
FDX09OUT045,1000
FDT31OUT010,1000
FDI24OUT049,1000
FDY09OUT045,1000
FDV28OUT045,1000
DRM47OUT049,1000
FDT52OUT019,1000
FDI48OUT018,1000
FDY55OUT017,1000
FDU48OUT013,1000
FDN25OUT045,1000
FDP20OUT049,1000
FDJ15OUT013,1000
FDD04OUT018,1000
FDY58OUT045,1000
FDR37OUT018,1000
FDF44OUT013,1000
FDD32OUT045,1000
FDR57OUT017,1000
DRG39OUT027,1000
FDX15OUT017,1000
DRN37OUT045,1000
FDW40OUT027,1000
FDB32OUT049,1000
FDM40OUT018,1000
FDE39OUT027,1000
DRH49OUT017,1000
FDT46OUT049,1000
NCF06OUT035,1000
FDP07OUT017,1000
FDC04OUT013,1000
FDZ32OUT017,1000
FDD50OUT045,1000
FDU56OUT017,1000
FDV34OUT017,1000
NCY41OUT013,1000
NCK18OUT046,1000
DRH25OUT049,1000
FDT57OUT046,1000
FDV56OUT018,1000
FDV12OUT045,1000
FDN52OUT017,1000
FDX38OUT035,1000
FDE47OUT018,1000
NCO07OUT013,1000
FDV09OUT027,1000
FDZ23OUT019,1000
DRH51OUT018,1000
NCY54OUT045,1000
DRG49OUT013,1000
NCC19OUT049,1000
NCV53OUT045,1000
FDZ47OUT019,1000
NCO26OUT018,1000
NCP02OUT045,1000
NCW30OUT018,1000
NCN55OUT046,1000
FDB20OUT010,1000
DRL11OUT013,1000
DRD60OUT045,1000
FDW14OUT010,1000
FDL27OUT010,1000
FDU09OUT018,1000
DRH36OUT027,1000
FDP34OUT027,1000
FDE04OUT017,1000
FDZ57OUT027,1000
FDF02OUT010,1000
FDG28OUT045,1000
NCI31OUT046,1000
FDT43OUT013,1000
FDU20OUT046,1000
FDD53OUT013,1000
FDW15OUT045,1000
NCT53OUT045,1000
NCG55OUT027,1000
FDD48OUT035,1000
FDG47OUT049,1000
FDI21OUT017,1000
FDT27OUT017,1000
DRO35OUT013,1000
FDD33OUT017,1000
FDC04OUT035,1000
FDY34OUT013,1000
DRJ49OUT049,1000
FDE05OUT049,1000
FDU31OUT017,1000
NCN19OUT027,1000
FDK56OUT027,1000
FDK58OUT017,1000
NCJ42OUT035,1000
FDZ34OUT027,1000
FDA52OUT018,1000
NCR29OUT013,1000
FDT48OUT035,1000
DRJ51OUT019,1000
NCS54OUT046,1000
FDV01OUT035,1000
DRG51OUT027,1000
NCG42OUT013,1000
FDA51OUT049,1000
FDV19OUT010,1000
NCT18OUT045,1000
NCS41OUT045,1000
FDO03OUT046,1000
FDL12OUT010,1000
FDY37OUT010,1000
FDI58OUT049,1000
FDT28OUT018,1000
NCC42OUT010,1000
FDO01OUT017,1000
FDJ02OUT013,1000
FDQ04OUT018,1000
DRL47OUT013,1000
FDZ32OUT035,1000
FDC35OUT035,1000
FDX14OUT045,1000
FDZ35OUT013,1000
FDL14OUT013,1000
FDO04OUT049,1000
DRK11OUT017,1000
FDB44OUT018,1000
FDZ50OUT049,1000
FDI12OUT027,1000
FDU43OUT017,1000
FDD58OUT010,1000
FDB27OUT017,1000
FDB04OUT018,1000
NCO17OUT013,1000
FDL12OUT017,1000
DRJ13OUT049,1000
FDD57OUT045,1000
FDW19OUT035,1000
DRD27OUT018,1000
FDH27OUT027,1000
NCW30OUT027,1000
FDR40OUT018,1000
FDG05OUT013,1000
NCY41OUT019,1000
FDI38OUT018,1000
FDR20OUT046,1000
FDE09OUT017,1000
FDN50OUT019,1000
DRF27OUT045,1000
DRF51OUT013,1000
NCO02OUT019,1000
FDB51OUT027,1000
FDJ50OUT013,1000
FDN52OUT013,1000
FDX14OUT013,1000
FDT27OUT019,1000
FDV10OUT013,1000
FDU33OUT046,1000
FDU58OUT046,1000
NCP42OUT027,1000
FDL51OUT027,1000
DRH15OUT027,1000
FDU16OUT017,1000
FDW15OUT017,1000
FDQ44OUT045,1000
NCI06OUT027,1000
DRK23OUT019,1000
FDC28OUT035,1000
NCY17OUT019,1000
NCV05OUT018,1000
FDM34OUT019,1000
DRD60OUT027,1000
FDT38OUT046,1000
FDQ57OUT018,1000
FDE59OUT027,1000
NCM43OUT046,1000
DRI51OUT049,1000
NCG30OUT017,1000
NCK54OUT035,1000
FDQ16OUT019,1000
FDI36OUT013,1000
FDX16OUT027,1000
FDA34OUT046,1000
FDJ48OUT018,1000
FDU47OUT035,1000
FDS39OUT046,1000
FDD11OUT046,1000
FDM16OUT027,1000
FDU56OUT018,1000
FDQ32OUT017,1000
DRK35OUT013,1000
FDA58OUT049,1000
DRG48OUT019,1000
FDT59OUT010,1000
FDQ31OUT019,1000
FDS51OUT018,1000
FDW32OUT027,1000
FDI15OUT027,1000
NCV30OUT017,1000
DRG25OUT049,1000
FDT02OUT013,1000
FDO33OUT027,1000
FDP38OUT035,1000
FDZ45OUT035,1000
NCA54OUT027,1000
FDU33OUT017,1000
FDN58OUT017,1000
FDI05OUT045,1000
FDM57OUT019,1000
NCS42OUT027,1000
FDB57OUT045,1000
FDC03OUT045,1000
FDZ58OUT013,1000
NCK29OUT045,1000
NCR53OUT045,1000
FDE26OUT027,1000
FDU52OUT049,1000
FDE41OUT027,1000
FDU38OUT018,1000
FDA52OUT017,1000
FDW46OUT046,1000
DRI59OUT035,1000
FDT38OUT035,1000
FDL33OUT018,1000
FDQ01OUT027,1000
FDJ08OUT046,1000
FDQ47OUT049,1000
NCZ18OUT013,1000
FDE29OUT017,1000
FDF10OUT027,1000
FDC48OUT049,1000
FDY58OUT013,1000
NCX30OUT010,1000
FDV11OUT013,1000
FDT46OUT046,1000
DRD01OUT019,1000
FDQ11OUT013,1000
NCM41OUT017,1000
NCC55OUT013,1000
FDG45OUT027,1000
NCQ54OUT049,1000
FDM34OUT045,1000
FDD17OUT019,1000
FDN38OUT027,1000
FDB53OUT018,1000
NCL06OUT035,1000
NCV18OUT019,1000
FDX25OUT013,1000
FDB39OUT046,1000
FDC33OUT049,1000
NCO14OUT018,1000
FDA58OUT027,1000
NCQ02OUT017,1000
NCR53OUT017,1000
FDN52OUT046,1000
FDG26OUT046,1000
FDE23OUT027,1000
DRI37OUT013,1000
DRH37OUT018,1000
FDO01OUT035,1000
FDK45OUT049,1000
FDP23OUT049,1000
FDM33OUT035,1000
FDD36OUT017,1000
FDL56OUT017,1000
FDT27OUT010,1000
FDG52OUT017,1000
NCL42OUT035,1000
DRJ24OUT046,1000
FDV38OUT046,1000
FDT35OUT045,1000
FDY51OUT045,1000
FDC37OUT017,1000
NCP43OUT013,1000
FDO33OUT045,1000
FDW04OUT018,1000
NCC31OUT046,1000
FDK22OUT049,1000
FDJ50OUT017,1000
FDV13OUT017,1000
DRL60OUT017,1000
FDW03OUT017,1000
FDY27OUT035,1000
FDB39OUT027,1000
FDU59OUT045,1000
FDZ57OUT049,1000
FDO21OUT049,1000
FDS43OUT018,1000
FDU28OUT010,1000
FDC51OUT010,1000
FDW16OUT010,1000
FDP32OUT010,1000
FDB60OUT019,1000
NCQ30OUT046,1000
FDD26OUT049,1000
FDI44OUT045,1000
DRH23OUT046,1000
FDO44OUT046,1000
FDG04OUT046,1000
FDM32OUT027,1000
FDM09OUT013,1000
FDZ47OUT013,1000
FDM40OUT027,1000
FDY48OUT017,1000
NCM30OUT045,1000
FDX36OUT010,1000
DRF03OUT017,1000
FDN51OUT049,1000
FDM57OUT049,1000
FDB35OUT049,1000
FDY13OUT027,1000
FDA37OUT017,1000
NCX53OUT017,1000
FDD59OUT018,1000
FDX10OUT019,1000
FDC03OUT018,1000
FDW43OUT035,1000
FDW10OUT046,1000
FDY14OUT027,1000
FDV43OUT045,1000
FDO40OUT013,1000
FDP46OUT027,1000
NCE43OUT019,1000
FDD05OUT035,1000
FDJ60OUT010,1000
DRE27OUT018,1000
FDO11OUT035,1000
DRG11OUT027,1000
FDK33OUT010,1000
DRM23OUT045,1000
FDJ02OUT027,1000
NCZ05OUT045,1000
NCL30OUT013,1000
FDZ19OUT018,1000
FDM45OUT049,1000
FDO36OUT046,1000
NCK31OUT045,1000
DRJ37OUT045,1000
FDP24OUT018,1000
FDF46OUT013,1000
FDX46OUT019,1000
NCL18OUT045,1000
FDJ26OUT013,1000
FDJ07OUT045,1000
FDY15OUT013,1000
DRG01OUT045,1000
FDF58OUT045,1000
FDZ14OUT019,1000
FDP31OUT049,1000
FDH45OUT013,1000
FDA09OUT010,1000
FDW31OUT035,1000
FDA57OUT046,1000
NCE55OUT035,1000
FDC17OUT019,1000
FDC59OUT013,1000
FDA22OUT013,1000
FDK52OUT035,1000
NCM26OUT046,1000
NCT53OUT035,1000
FDW45OUT018,1000
NCI18OUT035,1000
FDE38OUT018,1000
FDF08OUT019,1000
FDY58OUT010,1000
FDF58OUT019,1000
FDX39OUT017,1000
FDB44OUT049,1000
FDF28OUT013,1000
FDE39OUT013,1000
FDT37OUT018,1000
FDZ45OUT017,1000
FDO40OUT035,1000
FDM57OUT027,1000
DRG36OUT017,1000
FDY36OUT010,1000
DRL60OUT027,1000
FDS25OUT019,1000
DRF49OUT027,1000
FDP16OUT045,1000
FDS60OUT049,1000
FDU15OUT027,1000
FDK43OUT046,1000
FDN25OUT046,1000
FDE53OUT049,1000
FDB22OUT013,1000
FDE39OUT017,1000
FDX35OUT035,1000
NCG54OUT049,1000
FDH27OUT035,1000
NCK42OUT013,1000
FDS25OUT049,1000
FDI10OUT018,1000
FDU35OUT035,1000
FDI04OUT017,1000
DRK23OUT035,1000
FDB53OUT019,1000
FDY02OUT049,1000
FDM60OUT035,1000
NCJ31OUT010,1000
DRP35OUT017,1000
NCQ30OUT018,1000
DRL11OUT010,1000
FDU01OUT013,1000
FDR39OUT035,1000
FDO08OUT046,1000
FDC02OUT045,1000
NCZ29OUT035,1000
FDF29OUT010,1000
FDZ23OUT017,1000
NCU53OUT018,1000
NCW30OUT013,1000
NCM26OUT027,1000
FDV50OUT027,1000
FDW15OUT049,1000
FDI35OUT027,1000
FDO11OUT017,1000
FDN48OUT046,1000
NCA17OUT049,1000
NCN54OUT013,1000
FDP22OUT013,1000
NCB54OUT035,1000
FDD08OUT045,1000
DRM48OUT010,1000
FDG41OUT027,1000
FDE44OUT027,1000
FDE26OUT035,1000
NCS38OUT013,1000
NCJ54OUT018,1000
FDI40OUT019,1000
FDN45OUT018,1000
FDU43OUT046,1000
FDI04OUT010,1000
NCC07OUT018,1000
NCC07OUT019,1000
NCD18OUT045,1000
FDU55OUT035,1000
FDX59OUT035,1000
FDR52OUT049,1000
NCP17OUT013,1000
FDQ32OUT045,1000
NCT17OUT049,1000
FDO10OUT049,1000
FDE32OUT049,1000
FDN44OUT045,1000
FDH02OUT035,1000
FDK60OUT013,1000
FDS24OUT019,1000
FDL03OUT010,1000
FDB46OUT027,1000
FDO48OUT049,1000
FDZ39OUT049,1000
FDT02OUT027,1000
FDC50OUT013,1000
FDP39OUT035,1000
DRG15OUT018,1000
FDP10OUT018,1000
FDF53OUT027,1000
FDN34OUT045,1000
FDK02OUT045,1000
FDC23OUT045,1000
FDJ10OUT019,1000
FDE53OUT035,1000
FDR25OUT035,1000
FDW50OUT046,1000
FDS09OUT049,1000
FDW49OUT010,1000
FDU51OUT046,1000
FDF28OUT018,1000
NCY30OUT018,1000
FDD44OUT045,1000
FDX09OUT017,1000
NCF30OUT013,1000
FDZ50OUT019,1000
FDW37OUT013,1000
FDD11OUT049,1000
DRH39OUT018,1000
FDA36OUT049,1000
NCG43OUT049,1000
FDF02OUT035,1000
FDP57OUT027,1000
NCE42OUT017,1000
NCR38OUT027,1000
FDP03OUT019,1000
FDO51OUT035,1000
NCQ42OUT046,1000
NCM41OUT046,1000
FDH48OUT027,1000
DRF60OUT046,1000
FDJ27OUT035,1000
FDQ14OUT013,1000
FDN27OUT017,1000
NCQ02OUT046,1000
FDJ33OUT049,1000
FDP07OUT027,1000
DRE01OUT049,1000
FDU36OUT045,1000
FDL28OUT017,1000
NCX53OUT046,1000
FDZ39OUT013,1000
NCP42OUT013,1000
FDJ14OUT035,1000
FDK04OUT049,1000
NCC19OUT017,1000
FDS09OUT018,1000
FDZ02OUT046,1000
FDD35OUT018,1000
NCY42OUT017,1000
FDB05OUT045,1000
FDF20OUT035,1000
NCO41OUT018,1000
FDC40OUT027,1000
FDV58OUT045,1000
FDZ57OUT045,1000
DRM35OUT046,1000
DRN36OUT018,1000
FDQ13OUT046,1000
DRO35OUT010,1000
NCD43OUT035,1000
FDA51OUT018,1000
NCX17OUT027,1000
NCZ17OUT049,1000
FDR11OUT027,1000
FDW34OUT049,1000
FDN50OUT017,1000
FDS09OUT046,1000
FDS48OUT018,1000
FDL44OUT049,1000
DRF48OUT018,1000
FDA14OUT018,1000
NCD30OUT049,1000
FDI16OUT017,1000
NCG06OUT035,1000
DRZ24OUT035,1000
NCS17OUT045,1000
FDB37OUT045,1000
FDE10OUT035,1000
FDC57OUT045,1000
FDM12OUT018,1000
FDE24OUT049,1000
FDW22OUT045,1000
DRD01OUT027,1000
NCZ18OUT027,1000
FDN49OUT045,1000
FDR22OUT035,1000
FDV08OUT019,1000
FDY39OUT046,1000
FDV36OUT049,1000
FDO60OUT045,1000
FDU04OUT027,1000
FDR20OUT027,1000
FDW19OUT019,1000
FDU40OUT049,1000
FDK15OUT045,1000
DRF15OUT035,1000
FDQ25OUT017,1000
FDI48OUT019,1000
FDS49OUT046,1000
FDV22OUT046,1000
NCV42OUT046,1000
FDX26OUT046,1000
FDI33OUT018,1000
FDZ14OUT049,1000
FDG10OUT013,1000
FDM38OUT018,1000
FDG26OUT027,1000
FDH46OUT035,1000
FDN13OUT018,1000
FDU57OUT035,1000
NCI06OUT046,1000
FDM38OUT045,1000
NCG42OUT010,1000
FDL39OUT045,1000
FDT31OUT019,1000
FDV59OUT013,1000
FDB49OUT035,1000
FDD58OUT049,1000
DRN59OUT046,1000
FDX48OUT049,1000
FDQ11OUT049,1000
FDY12OUT049,1000
FDQ11OUT045,1000
DRI11OUT017,1000
FDY32OUT027,1000
FDS51OUT045,1000
FDR19OUT010,1000
DRB13OUT018,1000
FDS21OUT035,1000
FDQ40OUT045,1000
NCE55OUT013,1000
FDX43OUT027,1000
FDS12OUT049,1000
DRK01OUT027,1000
FDN25OUT017,1000
FDB60OUT046,1000
FDQ13OUT017,1000
DRK13OUT045,1000
DRF25OUT018,1000
NCD42OUT019,1000
FDW25OUT045,1000
NCV29OUT027,1000
NCK42OUT035,1000
DRJ13OUT027,1000
DRD15OUT017,1000
FDM27OUT045,1000
FDZ50OUT018,1000
FDC04OUT046,1000
FDF50OUT049,1000
FDP15OUT045,1000
FDK46OUT035,1000
FDZ56OUT018,1000
FDY60OUT049,1000
FDB10OUT035,1000
FDR57OUT045,1000
FDU58OUT049,1000
FDH02OUT046,1000
FDP48OUT013,1000
FDI46OUT035,1000
FDW56OUT013,1000
NCM19OUT010,1000
FDS50OUT027,1000
FDK24OUT013,1000
FDO36OUT017,1000
FDK45OUT027,1000
NCL05OUT045,1000
FDL32OUT018,1000
FDA28OUT049,1000
FDY36OUT018,1000
FDP32OUT018,1000
FDL50OUT046,1000
DRC24OUT049,1000
NCS18OUT017,1000
FDD16OUT017,1000
NCV18OUT013,1000
FDX07OUT046,1000
NCZ05OUT027,1000
NCI31OUT013,1000
FDK14OUT049,1000
NCR06OUT045,1000
NCF54OUT049,1000
DRG23OUT010,1000
FDD53OUT046,1000
NCM31OUT027,1000
FDT16OUT017,1000
FDR40OUT035,1000
DRG25OUT017,1000
FDT10OUT035,1000
FDY32OUT013,1000
FDN50OUT035,1000
FDZ35OUT019,1000
NCP54OUT045,1000
NCD07OUT035,1000
FDS02OUT018,1000
DRN59OUT018,1000
DRB24OUT013,1000
FDP37OUT027,1000
DRB01OUT018,1000
FDR47OUT046,1000
NCM31OUT010,1000
NCF06OUT027,1000
NCV17OUT027,1000
FDS10OUT049,1000
FDN52OUT035,1000
FDZ48OUT013,1000
FDJ48OUT049,1000
DRB13OUT027,1000
FDV59OUT017,1000
FDL32OUT035,1000
FDZ12OUT035,1000
NCR06OUT027,1000
FDP51OUT017,1000
FDY22OUT013,1000
FDZ38OUT049,1000
NCO54OUT035,1000
FDR23OUT035,1000
FDM38OUT049,1000
FDS25OUT013,1000
FDZ22OUT013,1000
FDZ20OUT019,1000
FDD45OUT010,1000
FDN03OUT049,1000
NCW30OUT046,1000
FDY24OUT027,1000
FDJ26OUT019,1000
FDM15OUT049,1000
NCW54OUT027,1000
FDA23OUT045,1000
FDA39OUT019,1000
FDZ12OUT017,1000
NCB42OUT046,1000
FDL16OUT046,1000
FDO24OUT019,1000
NCP42OUT046,1000
FDR19OUT018,1000
DRL01OUT045,1000
FDV37OUT046,1000
FDI41OUT010,1000
FDF58OUT049,1000
NCF43OUT018,1000
FDN02OUT049,1000
NCP41OUT035,1000
NCY17OUT027,1000
FDL58OUT027,1000
NCA30OUT027,1000
FDE46OUT018,1000
FDY38OUT035,1000
NCH29OUT027,1000
FDO20OUT045,1000
FDP44OUT018,1000
FDM02OUT027,1000
FDJ14OUT027,1000
FDH04OUT010,1000
DRK23OUT046,1000
NCW05OUT046,1000
FDF12OUT049,1000
FDL51OUT019,1000
FDN03OUT018,1000
DRJ37OUT049,1000
FDM12OUT019,1000
FDA16OUT045,1000
NCB07OUT017,1000
NCI17OUT019,1000
FDR51OUT046,1000
FDJ55OUT045,1000
NCZ17OUT013,1000
FDU25OUT013,1000
NCG18OUT045,1000
DRM11OUT017,1000
FDH16OUT035,1000
FDZ04OUT018,1000
NCX53OUT035,1000
FDX38OUT027,1000
FDX09OUT046,1000
NCW05OUT018,1000
NCS41OUT017,1000
FDI26OUT046,1000
NCZ41OUT027,1000
NCK06OUT046,1000
FDX23OUT027,1000
NCA42OUT046,1000
FDC20OUT049,1000
DRC49OUT018,1000
FDX01OUT013,1000
FDC08OUT045,1000
FDC02OUT017,1000
FDK10OUT045,1000
DRC24OUT013,1000
FDW16OUT019,1000
NCU06OUT018,1000
DRA59OUT045,1000
FDR24OUT019,1000
DRL35OUT018,1000
FDA49OUT013,1000
NCC55OUT046,1000
DRD24OUT019,1000
NCE55OUT049,1000
FDT33OUT045,1000
NCT53OUT013,1000
FDS26OUT046,1000
FDL22OUT018,1000
FDP44OUT017,1000
FDC52OUT018,1000
FDI53OUT010,1000
FDZ23OUT046,1000
NCT18OUT013,1000
FDR13OUT046,1000
FDB09OUT010,1000
FDZ60OUT013,1000
FDB11OUT046,1000
FDC10OUT018,1000
FDW56OUT035,1000
FDK14OUT027,1000
DRE27OUT027,1000
FDA38OUT017,1000
FDT11OUT045,1000
FDP15OUT035,1000
FDV27OUT035,1000
FDS36OUT027,1000
FDY40OUT027,1000
NCF19OUT049,1000
FDF53OUT045,1000
FDS14OUT027,1000
FDE56OUT046,1000
FDZ19OUT035,1000
FDZ46OUT013,1000
FDR16OUT046,1000
FDG29OUT018,1000
NCE30OUT017,1000
FDZ40OUT046,1000
FDG58OUT018,1000
DRH03OUT013,1000
FDZ47OUT045,1000
FDV04OUT018,1000
FDZ10OUT018,1000
FDG46OUT017,1000
NCF07OUT045,1000
FDY44OUT035,1000
FDB21OUT013,1000
FDS20OUT035,1000
FDS49OUT049,1000
FDX55OUT027,1000
NCQ02OUT018,1000
FDR25OUT013,1000
DRG39OUT045,1000
FDB46OUT046,1000
NCC30OUT018,1000
FDE58OUT035,1000
FDC05OUT019,1000
FDY15OUT046,1000
FDG14OUT046,1000
FDL08OUT049,1000
FDQ47OUT013,1000
FDN12OUT035,1000
FDW10OUT013,1000
FDD02OUT035,1000
FDX35OUT010,1000
FDT35OUT046,1000
DRN47OUT019,1000
FDB11OUT010,1000
FDN20OUT045,1000
FDB59OUT035,1000
FDJ58OUT045,1000
FDU60OUT046,1000
FDS03OUT049,1000
FDU40OUT019,1000
DRH15OUT049,1000
FDD04OUT027,1000
FDQ01OUT046,1000
FDF28OUT035,1000
FDD22OUT010,1000
FDY19OUT046,1000
FDN33OUT035,1000
FDV36OUT035,1000
FDW01OUT010,1000
FDJ28OUT049,1000
FDB17OUT035,1000
FDM40OUT049,1000
FDV46OUT045,1000
FDQ44OUT049,1000
NCD42OUT046,1000
DRH37OUT046,1000
FDR10OUT018,1000
NCD06OUT027,1000
FDI53OUT046,1000
FDG16OUT035,1000
DRB25OUT046,1000
FDY09OUT046,1000
FDX48OUT045,1000
FDC03OUT010,1000
FDT47OUT035,1000
FDW44OUT027,1000
FDT24OUT017,1000
FDT12OUT019,1000
NCS38OUT035,1000
FDO39OUT035,1000
FDA13OUT046,1000
FDO48OUT035,1000
DRJ01OUT017,1000
FDD53OUT018,1000
NCT05OUT049,1000
FDQ51OUT045,1000
FDU60OUT013,1000
FDC59OUT046,1000
FDP36OUT035,1000
NCM19OUT017,1000
FDL16OUT035,1000
FDE50OUT018,1000
NCR18OUT013,1000
NCD30OUT035,1000
FDH31OUT013,1000
FDD56OUT019,1000
FDC47OUT049,1000
FDZ21OUT045,1000
FDM01OUT049,1000
FDF24OUT013,1000
FDW23OUT017,1000
FDY52OUT018,1000
DRH37OUT027,1000
DRO47OUT027,1000
FDR25OUT049,1000
FDQ24OUT027,1000
DRJ51OUT018,1000
NCU06OUT035,1000
NCV18OUT018,1000
NCC06OUT027,1000
FDZ01OUT018,1000
FDT14OUT017,1000
FDD11OUT019,1000
FDN09OUT017,1000
NCO18OUT010,1000
FDZ50OUT045,1000
FDS44OUT013,1000
FDI36OUT045,1000
FDA26OUT010,1000
NCY53OUT049,1000
FDF32OUT049,1000
FDF59OUT010,1000
FDB20OUT046,1000
DRH11OUT035,1000
FDT03OUT049,1000
NCH06OUT035,1000
FDR55OUT049,1000
FDI10OUT035,1000
FDZ12OUT045,1000
FDM12OUT049,1000
DRB25OUT045,1000
NCS41OUT013,1000
NCT53OUT049,1000
NCD55OUT013,1000
FDY08OUT049,1000
NCP55OUT049,1000
FDA33OUT013,1000
FDQ33OUT013,1000
FDE45OUT027,1000
FDT26OUT013,1000
NCV53OUT049,1000
FDK60OUT027,1000
NCJ29OUT046,1000
FDI15OUT045,1000
FDX21OUT013,1000
FDV49OUT019,1000
DRO59OUT046,1000
FDZ14OUT045,1000
FDP32OUT027,1000
FDC33OUT017,1000
FDT14OUT010,1000
NCN54OUT027,1000
FDR57OUT027,1000
DRK12OUT046,1000
FDX52OUT049,1000
FDX08OUT010,1000
FDP10OUT010,1000
NCP50OUT045,1000
NCL06OUT013,1000
FDP25OUT013,1000
FDE53OUT013,1000
FDL27OUT017,1000
FDC35OUT049,1000
DRJ47OUT010,1000
FDD16OUT018,1000
NCN42OUT049,1000
FDC38OUT027,1000
NCO07OUT045,1000
FDQ20OUT049,1000
FDI32OUT046,1000
FDN20OUT010,1000
DRJ51OUT027,1000
FDU08OUT045,1000
DRN37OUT019,1000
FDD05OUT010,1000
FDW15OUT046,1000
FDI52OUT046,1000
DRM11OUT049,1000
NCO06OUT045,1000
FDU38OUT049,1000
FDU59OUT018,1000
FDJ10OUT046,1000
FDM13OUT049,1000
NCJ30OUT019,1000
FDM45OUT018,1000
FDP36OUT045,1000
NCD30OUT010,1000
FDN48OUT017,1000
FDY32OUT049,1000
FDU47OUT046,1000
FDF17OUT019,1000
FDP34OUT017,1000
FDA47OUT049,1000
DRD27OUT027,1000
FDW38OUT045,1000
FDZ15OUT019,1000
FDZ03OUT027,1000
NCN19OUT049,1000
FDG02OUT035,1000
FDS31OUT035,1000
FDW43OUT019,1000
FDZ47OUT010,1000
FDO57OUT017,1000
NCL07OUT013,1000
NCV42OUT013,1000
FDP40OUT017,1000
FDP48OUT019,1000
FDH21OUT017,1000
NCP02OUT049,1000
FDK24OUT049,1000
FDC41OUT045,1000
FDF08OUT017,1000
FDO49OUT017,1000
FDS56OUT027,1000
FDX46OUT018,1000
FDQ07OUT013,1000
FDC32OUT010,1000
FDT21OUT019,1000
FDG58OUT045,1000
FDW14OUT049,1000
DRA12OUT027,1000
FDV27OUT013,1000
DRD25OUT013,1000
DRF48OUT027,1000
FDX24OUT017,1000
DRJ51OUT046,1000
FDE45OUT045,1000
FDE14OUT046,1000
FDG53OUT045,1000
FDT08OUT046,1000
DRC27OUT027,1000
FDG20OUT035,1000
FDC21OUT046,1000
FDV31OUT018,1000
FDB58OUT045,1000
FDV23OUT046,1000
FDA25OUT019,1000
FDC15OUT046,1000
FDU47OUT049,1000
FDE23OUT013,1000
FDS08OUT013,1000
FDW03OUT027,1000
FDJ60OUT018,1000
FDM34OUT017,1000
FDW33OUT013,1000
FDZ40OUT013,1000
FDE33OUT018,1000
NCC06OUT010,1000
FDU11OUT046,1000
FDL44OUT017,1000
NCZ29OUT017,1000
FDG28OUT010,1000
FDL12OUT018,1000
FDD52OUT017,1000
FDO15OUT013,1000
NCN29OUT027,1000
FDW36OUT013,1000
FDB21OUT046,1000
FDZ28OUT013,1000
FDY10OUT035,1000
DRG39OUT017,1000
FDN28OUT013,1000
FDV15OUT035,1000
DRI13OUT035,1000
FDH20OUT046,1000
FDY51OUT013,1000
FDE16OUT013,1000
FDX40OUT018,1000
FDC48OUT018,1000
FDS14OUT046,1000
FDX56OUT017,1000
FDI10OUT046,1000
FDI14OUT013,1000
DRM48OUT013,1000
NCH07OUT027,1000
FDY26OUT013,1000
FDD02OUT027,1000
FDM12OUT046,1000
DRF01OUT010,1000
FDV36OUT046,1000
DRI59OUT013,1000
FDV03OUT018,1000
FDO39OUT017,1000
NCB07OUT018,1000
FDH38OUT027,1000
FDZ13OUT035,1000
NCZ30OUT046,1000
NCA06OUT035,1000
FDB04OUT049,1000
FDN50OUT013,1000
NCG06OUT049,1000
NCY17OUT018,1000
FDC23OUT046,1000
FDK33OUT049,1000
FDR03OUT049,1000
FDZ07OUT045,1000
FDO38OUT013,1000
FDS59OUT046,1000
DRM11OUT019,1000
FDX52OUT027,1000
DRJ35OUT018,1000
NCP53OUT046,1000
FDW15OUT019,1000
DRI47OUT045,1000
DRZ11OUT035,1000
FDS02OUT013,1000
DRD49OUT018,1000
FDW38OUT049,1000
FDR21OUT019,1000
FDE40OUT013,1000
FDI02OUT045,1000
FDQ04OUT045,1000
FDY14OUT017,1000
NCT54OUT046,1000
DRD25OUT017,1000
DRE01OUT045,1000
FDJ12OUT010,1000
NCZ05OUT049,1000
DRB25OUT019,1000
NCC31OUT045,1000
FDM16OUT045,1000
DRG11OUT049,1000
FDV24OUT027,1000
FDV43OUT046,1000
FDG05OUT018,1000
FDV23OUT010,1000
FDI58OUT018,1000
FDQ11OUT017,1000
FDC05OUT027,1000
FDF40OUT013,1000
FDU02OUT018,1000
FDT32OUT013,1000
NCF06OUT017,1000
FDT46OUT013,1000
FDR58OUT010,1000
FDY04OUT046,1000
FDT58OUT045,1000
FDE46OUT049,1000
DRH11OUT017,1000
DRI51OUT046,1000
FDC35OUT017,1000
FDP45OUT035,1000
FDC45OUT017,1000
FDU01OUT045,1000
FDJ53OUT010,1000
FDJ46OUT017,1000
FDX07OUT013,1000
NCI30OUT049,1000
FDE47OUT027,1000
FDV48OUT045,1000
FDN16OUT019,1000
FDM52OUT013,1000
FDA32OUT027,1000
FDH05OUT017,1000
FDW25OUT010,1000
FDQ09OUT046,1000
NCM17OUT010,1000
DRM59OUT046,1000
FDV47OUT027,1000
DRE15OUT035,1000
FDS25OUT010,1000
NCZ05OUT018,1000
NCV05OUT019,1000
DRM37OUT046,1000
FDV58OUT027,1000
FDN22OUT027,1000
NCO06OUT049,1000
FDT56OUT019,1000
FDM02OUT013,1000
FDA09OUT046,1000
NCC06OUT035,1000
NCL54OUT049,1000
NCB55OUT017,1000
FDB12OUT017,1000
NCA54OUT049,1000
NCS38OUT049,1000
FDC02OUT049,1000
FDK44OUT019,1000
FDE16OUT035,1000
NCS05OUT035,1000
FDZ59OUT045,1000
FDI20OUT017,1000
FDQ14OUT046,1000
FDF53OUT017,1000
FDW25OUT017,1000
NCQ43OUT010,1000
FDX52OUT013,1000
FDE28OUT045,1000
FDN15OUT017,1000
FDO28OUT017,1000
FDQ33OUT045,1000
FDM22OUT010,1000
FDJ03OUT017,1000
FDI16OUT045,1000
FDI09OUT027,1000
FDX55OUT013,1000
FDS23OUT027,1000
DRC12OUT045,1000
FDH41OUT049,1000
FDN01OUT013,1000
FDV55OUT045,1000
NCJ19OUT013,1000
NCY29OUT010,1000
FDP03OUT018,1000
FDZ52OUT045,1000
FDH31OUT010,1000
FDQ19OUT018,1000
FDS15OUT035,1000
FDN32OUT017,1000
FDH32OUT049,1000
FDF33OUT017,1000
FDJ22OUT046,1000
FDG56OUT010,1000
FDC05OUT046,1000
FDK09OUT013,1000
NCV29OUT045,1000
NCC43OUT019,1000
NCA42OUT049,1000
FDC10OUT046,1000
FDC16OUT013,1000
NCL17OUT013,1000
FDA51OUT035,1000
FDW01OUT017,1000
NCF30OUT045,1000
FDN49OUT013,1000
FDY20OUT045,1000
FDC15OUT045,1000
FDY24OUT046,1000
NCG43OUT017,1000
FDA48OUT013,1000
NCF55OUT017,1000
FDL38OUT049,1000
NCQ29OUT018,1000
FDC34OUT017,1000
FDP36OUT027,1000
FDN50OUT010,1000
FDO23OUT049,1000
FDT56OUT013,1000
FDT13OUT027,1000
FDZ03OUT013,1000
FDQ03OUT010,1000
FDU44OUT045,1000
FDD03OUT049,1000
NCH30OUT013,1000
FDS60OUT010,1000
FDG08OUT046,1000
FDX38OUT017,1000
FDD22OUT017,1000
FDW51OUT013,1000
FDL09OUT017,1000
FDZ60OUT045,1000
NCH07OUT046,1000
NCQ41OUT049,1000
FDW04OUT049,1000
FDI08OUT027,1000
FDR19OUT019,1000
FDV13OUT046,1000
FDB52OUT017,1000
FDZ48OUT027,1000
NCO14OUT049,1000
FDZ50OUT013,1000
FDN27OUT019,1000
FDQ60OUT013,1000
FDR49OUT017,1000
DRJ35OUT027,1000
DRI49OUT017,1000
FDB47OUT017,1000
FDP37OUT010,1000
FDR26OUT049,1000
FDY31OUT019,1000
FDC11OUT045,1000
DRP47OUT035,1000
NCY54OUT018,1000
FDR27OUT046,1000
FDQ21OUT019,1000
NCQ29OUT035,1000
FDJ02OUT046,1000
FDE21OUT018,1000
FDM39OUT046,1000
FDZ01OUT017,1000
NCB19OUT018,1000
FDU03OUT046,1000
FDP27OUT049,1000
DRF01OUT045,1000
FDM03OUT049,1000
FDV01OUT046,1000
FDS16OUT046,1000
FDO45OUT035,1000
NCX06OUT035,1000
FDP13OUT046,1000
NCR38OUT018,1000
FDA01OUT013,1000
FDT26OUT017,1000
FDD44OUT027,1000
FDB26OUT013,1000
FDP45OUT019,1000
NCP55OUT046,1000
FDT23OUT017,1000
FDO51OUT045,1000
FDA44OUT046,1000
NCJ31OUT018,1000
FDX37OUT045,1000
NCD18OUT049,1000
FDN40OUT027,1000
FDL33OUT017,1000
DRF48OUT035,1000
FDW08OUT035,1000
FDX39OUT018,1000
FDB38OUT049,1000
FDY46OUT018,1000
NCB06OUT049,1000
FDA34OUT035,1000
FDA35OUT045,1000
FDQ07OUT035,1000
FDU32OUT045,1000
FDU26OUT013,1000
FDU13OUT010,1000
FDO09OUT035,1000
FDW03OUT019,1000
FDB38OUT013,1000
FDL26OUT010,1000
NCN43OUT045,1000
FDH08OUT045,1000
NCC31OUT019,1000
FDH14OUT035,1000
FDL40OUT017,1000
FDD20OUT035,1000
NCV53OUT035,1000
FDD16OUT045,1000
FDP24OUT035,1000
FDQ25OUT045,1000
FDM38OUT035,1000
NCT18OUT010,1000
FDM34OUT049,1000
DRH37OUT010,1000
NCE07OUT013,1000
FDG12OUT013,1000
FDB59OUT010,1000
FDS10OUT018,1000
FDN21OUT010,1000
FDM02OUT045,1000
FDO44OUT049,1000
NCN17OUT017,1000
FDH16OUT018,1000
FDL44OUT046,1000
FDY47OUT017,1000
DRI39OUT046,1000
NCX54OUT018,1000
FDE59OUT046,1000
FDO46OUT045,1000
DRE13OUT046,1000
FDW14OUT013,1000
FDF35OUT046,1000
FDO50OUT019,1000
DRF49OUT017,1000
FDT60OUT049,1000
FDP38OUT045,1000
FDA31OUT027,1000
FDY52OUT010,1000
FDD03OUT027,1000
FDN52OUT018,1000
FDU20OUT010,1000
FDD22OUT035,1000
NCB55OUT019,1000
FDN27OUT045,1000
FDD16OUT013,1000
FDW48OUT046,1000
DRN35OUT045,1000
FDX25OUT049,1000
DRD49OUT049,1000
FDE21OUT019,1000
FDN44OUT035,1000
DRC01OUT049,1000
NCK30OUT046,1000
FDU39OUT013,1000
FDB49OUT013,1000
FDS12OUT045,1000
FDR57OUT018,1000
FDX22OUT027,1000
FDC60OUT013,1000
NCE42OUT049,1000
NCK42OUT049,1000
DRE01OUT017,1000
FDE57OUT018,1000
DRK59OUT019,1000
FDB10OUT027,1000
FDQ25OUT046,1000
FDY26OUT017,1000
FDG28OUT049,1000
FDM14OUT049,1000
NCH29OUT049,1000
FDD48OUT049,1000
FDC17OUT045,1000
DRH49OUT027,1000
FDN44OUT018,1000
FDC29OUT045,1000
DRK01OUT019,1000
FDD48OUT017,1000
FDB59OUT013,1000
FDY45OUT010,1000
FDX60OUT035,1000
FDT09OUT010,1000
DRB24OUT018,1000
FDL13OUT035,1000
FDN16OUT035,1000
FDK57OUT013,1000
FDO22OUT027,1000
FDC57OUT010,1000
FDZ13OUT027,1000
FDW27OUT013,1000
FDX10OUT049,1000
FDY08OUT018,1000
FDA49OUT017,1000
FDC32OUT018,1000
FDO04OUT035,1000
NCZ54OUT013,1000
FDY40OUT045,1000
FDW36OUT045,1000
FDE11OUT017,1000
DRE37OUT045,1000
NCK19OUT017,1000
FDT19OUT035,1000
FDE56OUT045,1000
FDZ57OUT010,1000
FDB35OUT035,1000
FDF09OUT010,1000
FDO34OUT046,1000
FDA55OUT046,1000
NCM18OUT035,1000
FDJ20OUT019,1000
DRQ35OUT019,1000
FDG02OUT013,1000
NCU29OUT018,1000
FDL27OUT027,1000
NCA54OUT035,1000
FDJ32OUT035,1000
FDB21OUT019,1000
FDR46OUT035,1000
FDZ32OUT046,1000
DRF36OUT017,1000
NCU54OUT017,1000
NCI31OUT017,1000
DRA59OUT035,1000
NCC55OUT045,1000
FDE44OUT018,1000
NCN26OUT018,1000
FDC11OUT049,1000
FDV24OUT035,1000
FDR40OUT019,1000
NCQ17OUT049,1000
FDC46OUT045,1000
NCM18OUT046,1000
FDK16OUT046,1000
FDI28OUT017,1000
FDS11OUT018,1000
DRD13OUT046,1000
FDL36OUT035,1000
FDI27OUT013,1000
FDJ53OUT019,1000
FDS44OUT045,1000
FDE28OUT046,1000
FDQ33OUT018,1000
FDB37OUT017,1000
FDQ31OUT045,1000
NCQ05OUT046,1000
FDE10OUT013,1000
FDF38OUT017,1000
FDE50OUT019,1000
DRG37OUT010,1000
NCH06OUT049,1000
FDY14OUT045,1000
FDO27OUT017,1000
FDQ19OUT049,1000
FDZ26OUT019,1000
FDN51OUT013,1000
FDK20OUT035,1000
FDD40OUT018,1000
DRI25OUT018,1000
FDH56OUT017,1000
FDI36OUT027,1000
DRH11OUT018,1000
NCV18OUT017,1000
DRI01OUT049,1000
DRE48OUT049,1000
FDS51OUT035,1000
FDM38OUT017,1000
FDB60OUT027,1000
FDY58OUT035,1000
FDY22OUT045,1000
FDF11OUT027,1000
FDZ51OUT035,1000
FDQ45OUT017,1000
FDF17OUT035,1000
NCF31OUT027,1000
FDA37OUT013,1000
FDO51OUT046,1000
FDF34OUT013,1000
FDD57OUT018,1000
FDO37OUT046,1000
FDR49OUT049,1000
FDS39OUT049,1000
FDI48OUT027,1000
DRM35OUT049,1000
FDV57OUT035,1000
FDZ55OUT013,1000
FDI28OUT035,1000
FDS21OUT045,1000
FDT34OUT013,1000
DRI25OUT035,1000
FDT47OUT010,1000
DRH39OUT045,1000
NCD54OUT045,1000
FDU16OUT027,1000
NCW29OUT045,1000
FDV25OUT027,1000
FDM56OUT035,1000
FDZ04OUT027,1000
FDG59OUT019,1000
FDI56OUT045,1000
FDS33OUT035,1000
FDC23OUT049,1000
FDT11OUT049,1000
FDG17OUT045,1000
FDZ44OUT045,1000
FDJ52OUT013,1000
DRI23OUT046,1000
DRE15OUT010,1000
NCF07OUT013,1000
NCR29OUT049,1000
FDE44OUT019,1000
FDT23OUT035,1000
NCG06OUT017,1000
NCU41OUT010,1000
FDH46OUT017,1000
FDV31OUT013,1000
NCT41OUT027,1000
FDE22OUT027,1000
FDC26OUT045,1000
DRF51OUT017,1000
NCY53OUT019,1000
FDY21OUT017,1000
FDL27OUT013,1000
FDZ34OUT049,1000
NCF43OUT010,1000
FDC21OUT035,1000
FDL26OUT013,1000
FDT25OUT010,1000
NCR30OUT046,1000
DRL23OUT019,1000
NCR05OUT049,1000
NCE19OUT018,1000
FDY07OUT035,1000
FDB10OUT017,1000
FDP57OUT013,1000
FDU48OUT019,1000
FDH48OUT035,1000
FDO33OUT035,1000
NCU29OUT045,1000
FDW35OUT046,1000
FDH05OUT010,1000
FDP26OUT049,1000
DRG27OUT035,1000
FDQ33OUT046,1000
FDH20OUT010,1000
FDV14OUT046,1000
DRD01OUT046,1000
NCI17OUT049,1000
FDF39OUT010,1000
FDX37OUT046,1000
NCX17OUT035,1000
FDN03OUT013,1000
NCS41OUT010,1000
FDH34OUT045,1000
NCX53OUT018,1000
FDY31OUT046,1000
FDD20OUT017,1000
FDE51OUT045,1000
FDV27OUT046,1000
FDF16OUT035,1000
FDZ02OUT049,1000
NCK05OUT045,1000
FDM12OUT027,1000
NCA05OUT018,1000
FDX33OUT045,1000
FDM25OUT049,1000
FDE41OUT018,1000
FDW14OUT045,1000
NCD30OUT046,1000
FDB23OUT010,1000
FDF45OUT046,1000
FDW20OUT017,1000
FDF47OUT045,1000
NCR05OUT019,1000
DRB01OUT046,1000
FDE36OUT013,1000
FDU56OUT049,1000
FDB23OUT049,1000
FDN48OUT049,1000
FDS43OUT013,1000
NCN05OUT013,1000
NCL53OUT049,1000
FDL56OUT046,1000
FDH17OUT018,1000
FDP37OUT046,1000
FDG09OUT019,1000
FDA55OUT045,1000
FDX31OUT049,1000
FDJ41OUT045,1000
DRC24OUT045,1000
FDQ21OUT035,1000
NCT54OUT045,1000
FDH08OUT049,1000
FDY38OUT018,1000
DRM11OUT010,1000
FDG32OUT049,1000
NCH18OUT046,1000
FDI20OUT035,1000
FDA33OUT018,1000
FDN45OUT013,1000
FDT45OUT010,1000
FDR32OUT035,1000
FDA48OUT017,1000
FDN23OUT017,1000
NCR18OUT035,1000
FDD45OUT046,1000
FDI22OUT018,1000
FDT09OUT013,1000
DRC24OUT027,1000
FDT39OUT046,1000
FDX28OUT045,1000
FDA50OUT018,1000
FDT33OUT027,1000
FDQ60OUT049,1000
NCM19OUT018,1000
FDF40OUT046,1000
NCI30OUT035,1000
FDK34OUT049,1000
FDA38OUT027,1000
FDT02OUT045,1000
FDC11OUT017,1000
FDD08OUT046,1000
NCS29OUT046,1000
DRI03OUT010,1000
FDK48OUT035,1000
FDM52OUT049,1000
FDP49OUT035,1000
DRA24OUT046,1000
NCJ43OUT049,1000
FDE11OUT045,1000
FDP01OUT049,1000
FDQ59OUT018,1000
FDA43OUT019,1000
FDL14OUT017,1000
FDV50OUT010,1000
FDT01OUT027,1000
NCC42OUT035,1000
FDO28OUT046,1000
FDD32OUT019,1000
FDV45OUT035,1000
NCW17OUT019,1000
NCJ17OUT027,1000
NCF18OUT049,1000
FDP01OUT045,1000
FDH24OUT045,1000
FDI38OUT027,1000
FDX03OUT035,1000
FDY28OUT046,1000
FDN34OUT018,1000
FDJ02OUT045,1000
FDW40OUT019,1000
FDX03OUT017,1000
FDE17OUT027,1000
FDT58OUT046,1000
FDI38OUT013,1000
FDW22OUT035,1000
FDS15OUT027,1000
NCX06OUT013,1000
DRK47OUT035,1000
FDC23OUT027,1000
FDM56OUT010,1000
FDP21OUT046,1000
FDP58OUT046,1000
FDA27OUT019,1000
FDK41OUT019,1000
NCH42OUT046,1000
FDG29OUT045,1000
FDW15OUT018,1000
FDD28OUT018,1000
FDQ37OUT049,1000
FDC23OUT035,1000
FDV13OUT035,1000
FDK33OUT046,1000
FDO33OUT013,1000
FDN21OUT017,1000
NCW06OUT027,1000
FDI38OUT035,1000
FDC21OUT027,1000
NCS05OUT046,1000
NCN53OUT049,1000
FDV40OUT010,1000
FDG60OUT017,1000
NCY30OUT027,1000
FDM40OUT045,1000
NCO30OUT046,1000
FDK10OUT046,1000
FDM36OUT045,1000
FDN10OUT013,1000
FDM46OUT018,1000
FDX50OUT049,1000
FDP33OUT045,1000
FDO12OUT045,1000
FDC28OUT013,1000
FDO31OUT045,1000
FDX45OUT035,1000
FDV21OUT049,1000
FDH04OUT049,1000
NCG54OUT013,1000
FDO13OUT046,1000
FDA09OUT027,1000
FDC38OUT017,1000
NCO42OUT046,1000
FDL45OUT049,1000
NCK31OUT013,1000
FDM39OUT017,1000
FDC22OUT010,1000
FDF46OUT046,1000
FDQ37OUT045,1000
FDH41OUT010,1000
FDQ04OUT046,1000
NCQ02OUT027,1000
FDJ57OUT027,1000
NCE07OUT049,1000
FDE56OUT013,1000
FDI20OUT049,1000
FDK36OUT018,1000
FDP08OUT027,1000
FDF44OUT017,1000
NCU53OUT017,1000
FDF47OUT035,1000
FDS55OUT010,1000
FDZ52OUT010,1000
FDL04OUT018,1000
NCM26OUT035,1000
FDX43OUT049,1000
FDP52OUT049,1000
DRK49OUT045,1000
FDE38OUT013,1000
DRF13OUT035,1000
FDK41OUT010,1000
FDJ04OUT027,1000
FDZ44OUT018,1000
FDS11OUT013,1000
FDA55OUT049,1000
NCW53OUT046,1000
FDB49OUT027,1000
FDD23OUT017,1000
NCV42OUT045,1000
NCZ29OUT018,1000
FDQ26OUT013,1000
FDV08OUT017,1000
FDC53OUT049,1000
FDV58OUT010,1000
NCP02OUT019,1000
DRI37OUT045,1000
FDQ12OUT049,1000
FDE33OUT046,1000
FDX27OUT045,1000
FDM22OUT017,1000
NCH30OUT019,1000
FDC04OUT017,1000
FDO38OUT046,1000
FDV52OUT027,1000
FDB32OUT013,1000
FDV43OUT018,1000
FDI24OUT018,1000
FDR40OUT017,1000
FDW02OUT049,1000
FDE44OUT049,1000
FDL38OUT046,1000
NCT54OUT010,1000
DRJ39OUT010,1000
FDW55OUT049,1000
DRF13OUT019,1000
NCW17OUT049,1000
FDP13OUT035,1000
FDS08OUT018,1000
NCP17OUT035,1000
NCO53OUT035,1000
FDH19OUT045,1000
FDJ04OUT017,1000
FDG10OUT049,1000
FDA40OUT010,1000
FDI53OUT045,1000
FDU09OUT010,1000
FDK60OUT045,1000
FDR43OUT017,1000
FDW22OUT017,1000
DRP47OUT010,1000
DRG48OUT010,1000
FDA14OUT035,1000
FDU49OUT013,1000
FDK28OUT045,1000
FDT19OUT046,1000
NCQ42OUT045,1000
FDD03OUT045,1000
NCM53OUT013,1000
NCX53OUT045,1000
FDV14OUT027,1000
NCZ54OUT017,1000
FDB39OUT013,1000
DRC24OUT046,1000
FDY36OUT013,1000
FDN01OUT035,1000
DRH25OUT046,1000
FDV08OUT046,1000
NCP53OUT049,1000
FDU52OUT010,1000
NCI42OUT045,1000
FDZ14OUT035,1000
FDF11OUT046,1000
FDQ13OUT018,1000
FDO32OUT010,1000
DRJ37OUT018,1000
FDY43OUT046,1000
NCT41OUT017,1000
NCV17OUT045,1000
FDM04OUT027,1000
DRB48OUT018,1000
FDM24OUT013,1000
FDT37OUT049,1000
NCO05OUT010,1000
FDL13OUT046,1000
FDL15OUT017,1000
FDB11OUT018,1000
FDL14OUT019,1000
FDY10OUT019,1000
FDJ40OUT049,1000
NCW18OUT046,1000
NCY06OUT013,1000
DRE13OUT018,1000
FDA26OUT045,1000
NCE19OUT010,1000
FDE33OUT035,1000
DRL59OUT027,1000
FDY07OUT046,1000
FDF57OUT018,1000
FDM58OUT035,1000
FDP26OUT027,1000
FDY32OUT046,1000
FDD51OUT010,1000
FDU22OUT018,1000
FDZ49OUT018,1000
NCI42OUT017,1000
FDT04OUT027,1000
NCU41OUT045,1000
FDS56OUT045,1000
NCN42OUT017,1000
FDK34OUT046,1000
FDB03OUT017,1000
DRJ25OUT035,1000
FDT25OUT027,1000
FDN20OUT013,1000
FDP09OUT013,1000
FDM20OUT019,1000
NCG55OUT046,1000
NCP14OUT045,1000
NCH06OUT046,1000
FDV52OUT013,1000
NCL07OUT035,1000
DRJ11OUT027,1000
DRO59OUT013,1000
FDW15OUT010,1000
NCQ30OUT035,1000
NCN54OUT019,1000
FDY01OUT027,1000
FDX39OUT035,1000
FDH53OUT027,1000
FDA57OUT035,1000
NCC07OUT010,1000
FDU28OUT013,1000
FDK36OUT010,1000
FDR36OUT018,1000
NCQ17OUT035,1000
FDS28OUT019,1000
FDE08OUT045,1000
FDU22OUT046,1000
FDG41OUT045,1000
FDO31OUT010,1000
FDM21OUT019,1000
FDU40OUT017,1000
FDV36OUT018,1000
FDT10OUT027,1000
FDX38OUT045,1000
NCU30OUT027,1000
NCV06OUT049,1000
FDT16OUT035,1000
NCP41OUT027,1000
FDZ56OUT017,1000
FDC22OUT035,1000
FDU10OUT035,1000
FDS46OUT045,1000
FDO08OUT049,1000
NCV42OUT018,1000
FDP33OUT035,1000
FDJ12OUT046,1000
FDH04OUT045,1000
NCU54OUT013,1000
FDO36OUT010,1000
FDT37OUT027,1000
FDD14OUT010,1000
FDA16OUT013,1000
NCS42OUT019,1000
FDP10OUT019,1000
FDQ28OUT049,1000
FDK57OUT010,1000
FDK02OUT013,1000
FDW47OUT018,1000
NCC42OUT018,1000
FDQ37OUT018,1000
FDL40OUT046,1000
DRE13OUT010,1000
FDQ34OUT027,1000
NCB54OUT046,1000
FDS48OUT049,1000
FDO15OUT045,1000
NCT30OUT013,1000
FDU49OUT027,1000
FDE21OUT046,1000
FDS49OUT019,1000
FDT38OUT027,1000
FDZ01OUT045,1000
FDC41OUT035,1000
DRG13OUT010,1000
NCZ42OUT018,1000
NCM07OUT045,1000
NCV17OUT018,1000
DRK39OUT035,1000
FDS37OUT018,1000
FDV12OUT019,1000
NCG19OUT018,1000
FDS51OUT013,1000
NCO14OUT046,1000
FDC38OUT046,1000
FDN15OUT046,1000
NCH42OUT013,1000
FDQ22OUT046,1000
FDC05OUT013,1000
FDZ31OUT013,1000
DRJ23OUT049,1000
FDC52OUT035,1000
DRD12OUT010,1000
FDV55OUT017,1000
FDD32OUT046,1000
FDR01OUT049,1000
FDY08OUT019,1000
FDQ45OUT045,1000
DRN11OUT027,1000
NCS05OUT018,1000
FDY32OUT035,1000
NCD31OUT045,1000
NCE06OUT049,1000
NCP14OUT046,1000
NCF18OUT019,1000
FDF14OUT018,1000
FDB22OUT017,1000
NCH54OUT049,1000
FDU27OUT035,1000
FDS58OUT027,1000
NCU29OUT035,1000
FDJ57OUT013,1000
FDL56OUT049,1000
FDH60OUT035,1000
FDN24OUT018,1000
FDD02OUT017,1000
FDP15OUT017,1000
FDB28OUT027,1000
DRC49OUT045,1000
NCG30OUT018,1000
FDJ14OUT049,1000
FDL52OUT045,1000
NCG19OUT027,1000
NCN41OUT035,1000
FDW22OUT013,1000
FDI02OUT013,1000
FDV51OUT045,1000
FDV48OUT046,1000
NCL17OUT019,1000
FDP46OUT045,1000
FDU10OUT045,1000
FDT37OUT010,1000
FDI27OUT035,1000
FDN51OUT046,1000
FDW07OUT035,1000
FDN45OUT049,1000
DRN37OUT027,1000
DRF48OUT049,1000
FDP38OUT019,1000
NCX18OUT027,1000
FDK45OUT018,1000
FDZ37OUT049,1000
FDS50OUT018,1000
NCR54OUT018,1000
NCS17OUT035,1000
FDV31OUT046,1000
DRE27OUT017,1000
FDN60OUT013,1000
FDK26OUT013,1000
FDX37OUT018,1000
FDW31OUT046,1000
FDX26OUT018,1000
DRL49OUT019,1000
FDU49OUT017,1000
FDY58OUT046,1000
FDN03OUT045,1000
NCV06OUT010,1000
FDH53OUT045,1000
FDG31OUT018,1000
NCC06OUT045,1000
FDS13OUT049,1000
FDP16OUT035,1000
FDA35OUT013,1000
DRP47OUT018,1000
FDY28OUT010,1000
FDY20OUT035,1000
NCH30OUT017,1000
NCR29OUT019,1000
NCP05OUT013,1000
NCF30OUT019,1000
FDA08OUT035,1000
FDN51OUT027,1000
FDH12OUT046,1000
FDY39OUT017,1000
NCO53OUT045,1000
FDB40OUT046,1000
FDH02OUT049,1000
FDY11OUT027,1000
FDQ09OUT019,1000
FDP16OUT013,1000
NCF55OUT018,1000
FDY09OUT027,1000
FDY39OUT045,1000
NCU53OUT049,1000
NCT41OUT049,1000
FDJ45OUT046,1000
FDR28OUT013,1000
FDN08OUT013,1000
FDJ07OUT049,1000
FDZ09OUT027,1000
FDQ14OUT017,1000
FDY12OUT027,1000
FDK57OUT046,1000
FDD20OUT049,1000
FDS36OUT018,1000
FDI40OUT049,1000
FDJ40OUT045,1000
FDE08OUT013,1000
DRK01OUT013,1000
FDC58OUT049,1000
FDE50OUT046,1000
FDX48OUT035,1000
DRM35OUT018,1000
FDG41OUT013,1000
FDB52OUT046,1000
FDV19OUT045,1000
DRG48OUT017,1000
FDI26OUT013,1000
FDU11OUT019,1000
FDF59OUT019,1000
FDR07OUT049,1000
NCE06OUT017,1000
FDE10OUT046,1000
NCO55OUT046,1000
FDZ13OUT013,1000
FDT50OUT017,1000
FDH12OUT010,1000
FDD21OUT045,1000
NCM05OUT013,1000
FDK04OUT013,1000
FDN33OUT017,1000
NCM18OUT010,1000
DRC25OUT049,1000
FDT47OUT017,1000
FDD45OUT027,1000
NCD07OUT018,1000
NCY54OUT010,1000
FDL12OUT049,1000
FDL02OUT017,1000
FDC60OUT035,1000
FDR37OUT017,1000
FDY16OUT017,1000
FDU26OUT045,1000
FDN24OUT013,1000
FDH44OUT013,1000
FDE23OUT010,1000
FDW60OUT017,1000
FDQ55OUT049,1000
FDV32OUT027,1000
FDV03OUT010,1000
FDY14OUT010,1000
NCL55OUT027,1000
DRF25OUT017,1000
FDX03OUT046,1000
FDF40OUT045,1000
FDX24OUT010,1000
FDA25OUT049,1000
FDH21OUT018,1000
FDB47OUT010,1000
FDT34OUT019,1000
FDS39OUT010,1000
NCU05OUT046,1000
FDE02OUT049,1000
FDL25OUT035,1000
FDC50OUT049,1000
FDZ32OUT049,1000
FDV14OUT045,1000
FDR07OUT045,1000
FDB26OUT049,1000
NCR50OUT045,1000
FDP01OUT018,1000
FDH57OUT045,1000
FDM60OUT027,1000
FDA45OUT017,1000
FDU55OUT017,1000
FDH40OUT035,1000
FDG40OUT019,1000
FDT12OUT049,1000
DRL59OUT045,1000
FDT47OUT018,1000
FDI60OUT017,1000
DRF51OUT027,1000
NCK31OUT049,1000
FDB08OUT045,1000
FDM44OUT035,1000
FDD46OUT018,1000
FDR27OUT019,1000
FDV56OUT010,1000
FDM02OUT049,1000
FDU45OUT018,1000
FDZ10OUT017,1000
NCK31OUT010,1000
FDR27OUT035,1000
FDF33OUT013,1000
FDJ36OUT046,1000
FDP33OUT049,1000
FDG17OUT046,1000
FDG47OUT027,1000
NCW29OUT046,1000
DRH59OUT017,1000
FDR32OUT017,1000
FDP48OUT035,1000
FDG17OUT035,1000
DRJ59OUT017,1000
FDY48OUT027,1000
FDB02OUT046,1000
FDN10OUT019,1000
NCD55OUT035,1000
FDX34OUT013,1000
FDZ38OUT045,1000
DRF37OUT049,1000
DRL47OUT019,1000
FDL27OUT035,1000
NCP53OUT035,1000
FDT03OUT019,1000
FDJ28OUT035,1000
FDF40OUT018,1000
FDA32OUT035,1000
NCP02OUT017,1000
FDZ31OUT045,1000
NCQ29OUT013,1000
FDP57OUT010,1000
FDL32OUT027,1000
DRB01OUT035,1000
FDJ40OUT046,1000
FDO24OUT018,1000
FDO11OUT018,1000
FDA56OUT035,1000
FDF02OUT045,1000
FDA10OUT013,1000
NCI55OUT017,1000
FDZ40OUT010,1000
FDV08OUT049,1000
FDN48OUT013,1000
FDU57OUT017,1000
DRF49OUT013,1000
FDS02OUT035,1000
FDS43OUT046,1000
FDT16OUT013,1000
FDX19OUT027,1000
FDK15OUT046,1000
DRA12OUT049,1000
FDY35OUT017,1000
NCU42OUT013,1000
FDD26OUT013,1000
FDR11OUT018,1000
NCP53OUT045,1000
FDP34OUT045,1000
NCV41OUT019,1000
FDN20OUT018,1000
FDZ16OUT018,1000
FDZ28OUT049,1000
NCL55OUT013,1000
NCJ17OUT046,1000
FDT37OUT046,1000
FDV51OUT049,1000
FDZ28OUT035,1000
FDN27OUT013,1000
FDS14OUT019,1000
FDZ58OUT045,1000
FDD46OUT046,1000
FDJ03OUT035,1000
FDU03OUT010,1000
FDA33OUT027,1000
NCW53OUT035,1000
NCC55OUT017,1000
FDP52OUT019,1000
FDE39OUT049,1000
FDB44OUT035,1000
FDG59OUT013,1000
FDI05OUT013,1000
FDF59OUT045,1000
FDM39OUT019,1000
FDB14OUT013,1000
NCS05OUT019,1000
DRJ35OUT045,1000
FDO31OUT019,1000
FDA31OUT046,1000
FDX40OUT049,1000
FDW56OUT045,1000
FDH09OUT018,1000
FDA52OUT019,1000
FDF20OUT019,1000
FDE40OUT046,1000
NCU17OUT046,1000
NCP14OUT035,1000
FDN25OUT027,1000
FDU39OUT049,1000
NCM05OUT017,1000
FDU07OUT017,1000
FDF28OUT049,1000
FDR57OUT049,1000
FDJ33OUT013,1000
DRH23OUT035,1000
FDQ52OUT046,1000
DRK13OUT035,1000
FDP09OUT046,1000
FDR08OUT027,1000
FDV50OUT045,1000
FDT13OUT049,1000
FDJ27OUT027,1000
FDH21OUT046,1000
FDW14OUT027,1000
FDL52OUT049,1000
FDW28OUT017,1000
FDL40OUT049,1000
FDE24OUT046,1000
FDX35OUT049,1000
FDP46OUT017,1000
FDX56OUT045,1000
FDQ45OUT049,1000
FDK50OUT027,1000
FDY26OUT045,1000
FDQ09OUT017,1000
FDN39OUT049,1000
FDP13OUT017,1000
FDR51OUT013,1000
FDZ49OUT010,1000
FDL28OUT018,1000
FDZ10OUT035,1000
FDK38OUT013,1000
DRL49OUT027,1000
FDR15OUT013,1000
FDQ24OUT035,1000
FDD56OUT013,1000
NCR42OUT046,1000
FDH52OUT045,1000
FDH57OUT019,1000
FDR15OUT010,1000
FDJ34OUT035,1000
FDW37OUT035,1000
FDQ23OUT018,1000
FDP34OUT013,1000
FDE04OUT027,1000
FDC48OUT045,1000
FDA47OUT019,1000
FDI35OUT018,1000
NCV05OUT013,1000
FDR28OUT045,1000
FDH31OUT017,1000
FDP59OUT019,1000
FDS19OUT018,1000
FDM60OUT045,1000
FDJ44OUT018,1000
DRH51OUT017,1000
DRC25OUT017,1000
DRE25OUT013,1000
NCX05OUT049,1000
FDR11OUT017,1000
DRP47OUT045,1000
DRC49OUT019,1000
FDQ47OUT027,1000
FDL20OUT013,1000
FDM34OUT035,1000
NCN55OUT013,1000
FDD41OUT035,1000
FDE52OUT049,1000
NCT18OUT019,1000
FDJ32OUT018,1000
FDE16OUT046,1000
FDZ09OUT045,1000
DRZ11OUT046,1000
FDK41OUT049,1000
FDE56OUT049,1000
FDH34OUT013,1000
DRI49OUT013,1000
DRI59OUT046,1000
DRC36OUT049,1000
FDS15OUT019,1000
FDI07OUT018,1000
FDZ15OUT018,1000
NCX41OUT027,1000
NCO29OUT019,1000
FDF57OUT013,1000
FDI33OUT035,1000
DRJ47OUT049,1000
FDB34OUT046,1000
FDY22OUT027,1000
DRL11OUT017,1000
FDY46OUT035,1000
FDG17OUT013,1000
FDE52OUT018,1000
DRP47OUT027,1000
FDO01OUT010,1000
FDL09OUT046,1000
FDR57OUT013,1000
DRD37OUT035,1000
FDQ36OUT027,1000
FDL33OUT049,1000
FDL48OUT045,1000
FDL28OUT049,1000
NCN29OUT046,1000
FDO13OUT035,1000
FDB38OUT045,1000
FDI36OUT035,1000
FDI58OUT035,1000
FDH22OUT018,1000
FDQ27OUT013,1000
FDT33OUT046,1000
FDC56OUT045,1000
FDF14OUT046,1000
FDQ39OUT017,1000
NCM43OUT017,1000
FDS46OUT035,1000
FDI22OUT049,1000
NCE43OUT045,1000
FDZ36OUT010,1000
FDR13OUT019,1000
FDP46OUT018,1000
FDW56OUT019,1000
FDB40OUT017,1000
FDM28OUT018,1000
FDV49OUT013,1000
NCS53OUT018,1000
FDO03OUT049,1000
FDT15OUT035,1000
FDD33OUT049,1000
FDX13OUT017,1000
FDH60OUT013,1000
DRH51OUT046,1000
NCL07OUT049,1000
FDW51OUT045,1000
FDF21OUT019,1000
FDH26OUT019,1000
FDJ03OUT049,1000
FDU35OUT017,1000
DRL01OUT018,1000
FDE59OUT045,1000
FDI60OUT035,1000
DRH39OUT035,1000
FDK36OUT049,1000
FDN52OUT045,1000
FDU12OUT017,1000
NCT05OUT027,1000
FDS37OUT027,1000
FDK24OUT017,1000
DRF36OUT013,1000
FDN46OUT010,1000
NCN06OUT045,1000
FDD59OUT035,1000
FDM14OUT045,1000
FDO10OUT018,1000
FDU35OUT013,1000
NCA30OUT018,1000
NCO41OUT049,1000
FDI24OUT046,1000
FDZ16OUT046,1000
FDV47OUT046,1000
FDV16OUT045,1000
FDZ22OUT035,1000
FDO20OUT010,1000
FDW38OUT013,1000
FDW52OUT045,1000
FDT43OUT019,1000
NCS29OUT045,1000
NCC31OUT017,1000
FDA21OUT017,1000
FDQ55OUT046,1000
NCE54OUT049,1000
FDD45OUT017,1000
NCP17OUT017,1000
FDR47OUT035,1000
DRM35OUT013,1000
FDR47OUT019,1000
FDX19OUT010,1000
FDV22OUT027,1000
FDQ46OUT027,1000
DRO47OUT045,1000
FDB44OUT010,1000
FDN02OUT010,1000
FDW10OUT045,1000
FDJ41OUT019,1000
FDM50OUT046,1000
FDW10OUT035,1000
FDY48OUT049,1000
NCE30OUT027,1000
FDO04OUT045,1000
FDQ26OUT010,1000
NCX29OUT018,1000
FDE39OUT046,1000
NCR54OUT027,1000
NCP55OUT027,1000
FDX22OUT017,1000
FDI05OUT035,1000
FDC51OUT027,1000
FDC10OUT013,1000
FDJ46OUT045,1000
FDV10OUT010,1000
FDX12OUT027,1000
FDL43OUT019,1000
DRB13OUT046,1000
FDF59OUT027,1000
FDT35OUT049,1000
NCJ19OUT035,1000
FDT35OUT018,1000
FDI48OUT046,1000
DRC24OUT019,1000
NCZ05OUT017,1000
FDJ57OUT049,1000
FDX11OUT017,1000
FDE09OUT035,1000
NCK06OUT049,1000
DRE37OUT017,1000
FDV56OUT046,1000
FDY43OUT017,1000
FDV35OUT013,1000
FDF05OUT019,1000
FDA36OUT035,1000
FDS13OUT027,1000
FDU47OUT013,1000
FDI36OUT010,1000
FDH48OUT046,1000
FDZ14OUT013,1000
FDS46OUT013,1000
FDE21OUT017,1000
FDA26OUT049,1000
FDV12OUT046,1000
FDL46OUT019,1000
FDN57OUT013,1000
NCJ18OUT017,1000
FDO36OUT045,1000
FDX55OUT018,1000
FDT25OUT019,1000
FDD16OUT049,1000
NCX18OUT013,1000
NCG55OUT018,1000
NCV18OUT049,1000
NCS18OUT035,1000
FDC37OUT045,1000
FDE47OUT046,1000
DRG49OUT019,1000
FDC39OUT049,1000
FDH24OUT019,1000
FDV39OUT027,1000
NCL17OUT045,1000
NCY53OUT035,1000
FDH52OUT013,1000
NCD19OUT018,1000
FDI44OUT046,1000
DRD49OUT027,1000
FDN08OUT035,1000
FDO20OUT027,1000
FDY02OUT046,1000
FDX23OUT045,1000
FDX01OUT017,1000
FDH20OUT027,1000
NCX41OUT017,1000
FDD21OUT027,1000
DRH11OUT019,1000
DRE60OUT018,1000
FDB10OUT013,1000
FDH38OUT013,1000
NCL07OUT018,1000
FDD48OUT046,1000
NCT54OUT027,1000
FDF32OUT027,1000
DRH51OUT045,1000
DRG03OUT035,1000
NCY42OUT019,1000
FDH32OUT017,1000
NCJ06OUT027,1000
FDH47OUT027,1000
FDZ08OUT018,1000
FDK16OUT017,1000
DRG01OUT018,1000
NCM53OUT027,1000
NCB07OUT035,1000
NCZ06OUT035,1000
FDU48OUT049,1000
NCB55OUT027,1000
FDP15OUT013,1000
FDF17OUT046,1000
NCN06OUT049,1000
DRM48OUT018,1000
FDH10OUT046,1000
FDC60OUT018,1000
FDE35OUT018,1000
DRI23OUT013,1000
NCR38OUT013,1000
FDP04OUT035,1000
NCW17OUT045,1000
FDX34OUT017,1000
NCK53OUT045,1000
NCO54OUT010,1000
NCH55OUT046,1000
FDT44OUT027,1000
DRG49OUT046,1000
FDX46OUT010,1000
DRG36OUT049,1000
FDU37OUT049,1000
FDK10OUT049,1000
DRF37OUT027,1000
FDC44OUT035,1000
FDP15OUT046,1000
FDZ27OUT027,1000
FDY22OUT019,1000
DRG51OUT035,1000
FDN58OUT045,1000
FDW01OUT049,1000
FDX24OUT018,1000
FDO51OUT017,1000
FDJ52OUT027,1000
NCY06OUT010,1000
FDE20OUT018,1000
FDT23OUT010,1000
FDQ51OUT046,1000
FDE35OUT046,1000
FDB46OUT013,1000
NCG19OUT035,1000
NCL06OUT018,1000
FDT36OUT019,1000
FDC56OUT049,1000
FDJ26OUT049,1000
FDZ59OUT017,1000
FDV11OUT027,1000
FDR13OUT010,1000
FDI15OUT018,1000
FDF47OUT018,1000
NCB54OUT019,1000
NCK19OUT027,1000
FDX16OUT017,1000
FDL50OUT045,1000
NCE31OUT035,1000
DRJ01OUT049,1000
FDE22OUT013,1000
FDY20OUT019,1000
NCO14OUT045,1000
NCR50OUT017,1000
DRM47OUT017,1000
FDO27OUT010,1000
FDJ20OUT027,1000
NCX17OUT013,1000
FDG59OUT049,1000
FDD52OUT045,1000
FDO48OUT017,1000
FDC59OUT019,1000
FDS15OUT018,1000
FDB47OUT035,1000
FDV14OUT019,1000
FDB27OUT013,1000
FDA35OUT035,1000
FDN51OUT018,1000
FDO39OUT019,1000
FDB28OUT049,1000
DRJ25OUT046,1000
FDH46OUT027,1000
FDI10OUT045,1000
FDU21OUT018,1000
FDD09OUT049,1000
FDD10OUT046,1000
FDN31OUT010,1000
FDA46OUT018,1000
FDM56OUT046,1000
FDF11OUT010,1000
FDS32OUT018,1000
NCM06OUT013,1000
FDZ26OUT045,1000
FDO01OUT013,1000
FDJ46OUT049,1000
FDG26OUT019,1000
FDZ38OUT035,1000
NCO55OUT013,1000
FDT60OUT035,1000
FDW37OUT049,1000
NCK42OUT018,1000
FDA45OUT046,1000
FDW55OUT018,1000
FDY44OUT017,1000
FDQ31OUT017,1000
FDM09OUT049,1000
FDH12OUT018,1000
NCQ43OUT035,1000
FDT33OUT035,1000
NCT41OUT018,1000
DRJ25OUT010,1000
NCQ41OUT046,1000
NCN17OUT049,1000
DRO35OUT027,1000
FDU27OUT018,1000
FDY43OUT027,1000
FDG46OUT035,1000
DRL49OUT018,1000
NCB55OUT049,1000
FDK28OUT049,1000
FDO49OUT045,1000
FDT03OUT013,1000
FDW33OUT027,1000
FDR02OUT035,1000
FDF50OUT013,1000
FDA40OUT018,1000
NCT53OUT018,1000
FDY60OUT035,1000
FDP44OUT027,1000
NCQ50OUT045,1000
NCC30OUT017,1000
FDQ60OUT018,1000
FDG41OUT046,1000
FDQ03OUT046,1000
FDM03OUT045,1000
FDZ51OUT018,1000
DRF51OUT035,1000
FDF39OUT017,1000
FDW52OUT035,1000
FDY22OUT049,1000
FDG14OUT013,1000
FDA57OUT017,1000
FDL45OUT019,1000
FDX28OUT046,1000
NCQ54OUT013,1000
FDH40OUT045,1000
FDU52OUT035,1000
FDT60OUT010,1000
FDK08OUT045,1000
FDN04OUT049,1000
FDE50OUT013,1000
FDI16OUT049,1000
FDM50OUT049,1000
NCV30OUT049,1000
FDT44OUT013,1000
FDY60OUT013,1000
FDT56OUT017,1000
FDV58OUT018,1000
FDU04OUT013,1000
NCN05OUT027,1000
FDI53OUT018,1000
FDD34OUT046,1000
FDW47OUT027,1000
FDT51OUT027,1000
FDO27OUT013,1000
NCQ18OUT018,1000
NCW05OUT013,1000
FDI15OUT010,1000
NCH43OUT010,1000
FDT40OUT049,1000
NCG19OUT017,1000
NCM30OUT035,1000
FDB38OUT017,1000
FDB22OUT046,1000
FDC58OUT046,1000
NCI29OUT013,1000
FDA23OUT010,1000
DRG48OUT013,1000
FDV21OUT013,1000
NCG18OUT019,1000
FDG40OUT045,1000
FDU24OUT018,1000
FDA22OUT049,1000
FDY35OUT046,1000
FDJ15OUT045,1000
NCW18OUT018,1000
FDK56OUT018,1000
FDF44OUT046,1000
FDP51OUT049,1000
FDU22OUT027,1000
FDM28OUT017,1000
NCL42OUT046,1000
FDJ15OUT019,1000
FDI32OUT018,1000
DRL11OUT046,1000
DRO59OUT018,1000
FDA07OUT019,1000
NCO53OUT013,1000
FDO21OUT045,1000
FDW39OUT045,1000
NCV17OUT013,1000
FDE22OUT046,1000
NCB06OUT018,1000
DRF48OUT017,1000
FDB05OUT013,1000
FDP28OUT027,1000
FDP23OUT046,1000
NCS41OUT018,1000
FDS40OUT018,1000
FDA16OUT017,1000
FDN20OUT035,1000
FDF04OUT027,1000
DRG36OUT018,1000
FDW16OUT018,1000
FDU09OUT017,1000
FDW01OUT046,1000
FDB15OUT045,1000
NCJ17OUT049,1000
NCT18OUT018,1000
FDG16OUT018,1000
FDP27OUT017,1000
FDQ44OUT027,1000
FDL50OUT027,1000
FDW57OUT027,1000
FDS34OUT013,1000
NCV30OUT035,1000
FDD26OUT018,1000
FDA03OUT045,1000
FDS27OUT018,1000
FDM12OUT013,1000
NCV42OUT027,1000
NCS41OUT046,1000
FDN56OUT018,1000
DRK59OUT046,1000
NCG18OUT046,1000
NCN26OUT017,1000
FDI60OUT027,1000
NCI43OUT049,1000
NCL17OUT049,1000
FDQ19OUT019,1000
FDY43OUT049,1000
FDR36OUT049,1000
FDJ58OUT049,1000
DRY23OUT045,1000
FDK26OUT027,1000
DRH03OUT045,1000
FDC10OUT010,1000
FDD23OUT013,1000
FDP32OUT045,1000
FDO31OUT035,1000
FDQ57OUT013,1000
FDX32OUT027,1000
FDC39OUT027,1000
FDU55OUT046,1000
FDL45OUT013,1000
DRK37OUT049,1000
FDK22OUT013,1000
DRG37OUT027,1000
FDK22OUT017,1000
DRH36OUT018,1000
DRC36OUT018,1000
DRE03OUT027,1000
FDF34OUT046,1000
FDZ22OUT046,1000
FDC44OUT010,1000
FDN31OUT027,1000
FDO03OUT017,1000
FDA01OUT049,1000
NCH42OUT049,1000
FDF46OUT018,1000
DRL35OUT046,1000
FDW46OUT049,1000
FDB58OUT046,1000
FDD47OUT018,1000
NCO17OUT045,1000
FDJ26OUT017,1000
FDU37OUT045,1000
